,price,longitude,latitude
4,165000.0,-3.6030297,40.4069501
5,375000.0,-3.6643095,40.482552
6,130000.0,-3.706567,40.3791829
9,130150.0,-3.7264295,40.4843254
10,310000.0,-3.6941772,40.4914603
14,275500.0,-3.7002065,40.4085449
18,16000.0,-3.6533393,40.3924075
25,190000.0,-3.6917406,40.3818845
27,165000.0,-3.6517699,40.4750339
39,114033.0,-3.6635826,40.3790562
41,208388.0,-3.6895112,40.472432
43,126580.0,-3.696255,40.3928152
44,110624.0,-3.699743,40.3822817
47,158403.0,-3.6508196,40.4092699
48,140020.0,-3.64212,40.39255
55,165000.0,-3.6030297,40.4069501
56,375000.0,-3.6643095,40.482552
57,130000.0,-3.706567,40.3791829
60,130150.0,-3.7264295,40.4843254
61,310000.0,-3.6941772,40.4914603
65,275500.0,-3.7002065,40.4085449
69,16000.0,-3.6533393,40.3924075
71,1450000.0,-3.6735346,40.4263447
77,190000.0,-3.6917406,40.3818845
79,165000.0,-3.6517699,40.4750339
91,114033.0,-3.6635826,40.3790562
94,110624.0,-3.699743,40.3822817
96,140020.0,-3.64212,40.39255
101,140020.0,-3.64212,40.39255
107,750000.0,-3.6948798,40.4550138
108,184313.0,-3.6867513,40.3514525
109,119532.0,-3.6415927,40.3889197
110,89612.0,-3.7165704,40.3451519
111,96506.0,-3.6662454,40.382673
112,2625000.0,-3.697086,40.4382219
113,135744.0,-3.6399305,40.4359303
116,137397.0,-3.6519985,40.4237479
117,116050.0,-3.7226057,40.3930488
124,165000.0,-3.649913,40.4747509
127,250000.0,-3.6903587,40.3987546
130,399000.0,-3.7443114,40.4081205
131,159000.0,-3.6441882,40.4734286
132,200000.0,-3.6883915,40.3732842
138,102800.0,-3.7014812,40.3317364
139,130000.0,-3.7059444,40.4590075
145,111150.0,-3.6714324,40.3890255
146,1012900.0,-3.7158248,40.4410144
149,449000.0,-3.6890976,40.3966288
159,383800.0,-3.6263841,40.4467508
163,298000.0,-3.7034411,40.450488
164,580000.0,-3.7157562,40.4263234
166,785000.0,-3.6952097,40.4515222
168,175000.0,-3.6517525,40.4407271
171,1600000.0,-3.6895861,40.4066487
175,126350.0,-3.6594978,40.4034097
180,103000.0,-3.6985074,40.4644158
187,2090000.0,-3.6798918,40.4327536
189,3400000.0,-3.8106417,40.4687622
191,450000.0,-3.7077257,40.4651022
209,978000.0,-3.7189574,40.4268838
216,3400000.0,-3.8214034,40.4712783
219,135750.0,-3.7066155,40.3900993
224,205000.0,-3.6593137,40.4554397
227,3095000.0,-3.731683,40.4683433
228,2150000.0,-3.6837623,40.4627293
229,2150000.0,-3.6834447,40.4631682
231,2150000.0,-3.6809094,40.4640347
233,2500000.0,-3.6809325,40.4650454
234,300000.0,-3.7347089,40.3734813
243,2150000.0,-3.6807609,40.4622697
244,950000.0,-3.6550449,40.4429913
245,2500000.0,-3.6830322,40.4623844
246,171000.0,-3.6514448,40.4639475
248,300000.0,-3.7313303,40.3758361
249,380000.0,-3.6799927,40.4414684
254,950000.0,-3.6768492,40.4554294
255,273600.0,-3.642578,40.464815
260,129000.0,-3.750363,40.3843306
261,310000.0,-3.7160836,40.4317053
262,300000.0,-3.7340577,40.3732132
263,129000.0,-3.7537773,40.3860753
264,2450000.0,-3.7032269,40.4147101
265,129000.0,-3.7515962,40.3859711
266,2150000.0,-3.6839633,40.4648196
271,1975000.0,-3.6811592,40.4466599
274,950000.0,-3.6769221,40.4317825
275,2150000.0,-3.6811786,40.4648073
276,126500.0,-3.7025864,40.448937
287,180000.0,-3.6208359,40.3804013
289,95000.0,-3.6732224,40.3839677
290,550000.0,-3.710042,40.4224473
297,1040000.0,-3.5755739,40.4728286
302,129000.0,-3.7465956,40.4017519
303,235000.0,-3.6581947,40.4569851
307,345000.0,-3.61638,40.43849
310,340000.0,-3.7017336,40.4615403
311,411000.0,-3.55648,40.3996799
312,143000.0,-3.6969958,40.465585
314,175000.0,-3.6682902,40.3921258
316,340000.0,-3.7013315,40.4622162
317,3400000.0,-3.8214034,40.4716783
322,340000.0,-3.7006525,40.4634018
325,99999.0,-3.7029344,40.4133428
327,169000.0,-3.7512037,40.3749408
329,175000.0,-3.6670482,40.3920448
331,690000.0,-3.6746193,40.419685
335,140000.0,-3.6638601,40.3923969
338,130000.0,-3.6060528,40.4096913
339,175000.0,-3.6677382,40.3924879
341,130000.0,-3.6495515,40.3875366
345,260000.0,-3.7108765,40.4805782
346,175000.0,-3.6655402,40.3931085
348,130000.0,-3.6495515,40.3875366
349,130000.0,-3.6495515,40.3875366
350,500000.0,-3.6807608,40.405748
351,1095000.0,-3.674748,40.4173301
352,1095000.0,-3.6718377,40.4205974
357,529000.0,-3.6774447,40.4078397
359,1140000.0,-3.7121866,40.4413716
361,1100000.0,-3.7234608,40.4616533
362,185000.0,-3.7412303,40.3933153
363,110000.0,-3.7296791,40.3900836
364,660000.0,-3.7093103,40.4233819
365,299000.0,-3.6996543,40.4209841
366,386175.0,-3.7130959,40.4230526
367,235000.0,-3.6461924,40.4310466
370,175000.0,-3.6735388,40.4295209
371,200000.0,-3.6996793,40.4365569
372,339000.0,-3.7017843,40.4552083
381,127000.0,-3.7293996,40.379217
382,1095000.0,-3.675165,40.4211152
383,2200000.0,-3.6776224,40.4359506
386,283000.0,-3.7286362,40.4142546
388,598000.0,-3.6734607,40.4344817
390,127000.0,-3.7292601,40.3809471
393,165000.0,-3.6598785,40.4137568
394,127000.0,-3.7295319,40.3769062
395,230000.0,-3.7126864,40.4339555
399,128000.0,-3.6896715,40.375701
400,240000.0,-3.6486842,40.423056
401,850000.0,-3.6070107,40.4224547
403,80000.0,-3.6869784,40.3488531
404,190000.0,-3.7018463,40.4097544
405,169900.0,-3.7431154,40.3916377
406,120000.0,-3.6607888,40.3982186
407,1201110.0,-3.7274047,40.4778858
408,85000.0,-3.7565701,40.3676954
409,2500000.0,-3.6839761,40.4647009
410,175000.0,-3.6691323,40.3950724
411,175000.0,-3.6659048,40.3932614
413,169900.0,-3.6961232,40.4093571
415,1700000.0,-3.6757746,40.4091074
420,399000.0,-3.6752964,40.4169712
426,550000.0,-3.6802864,40.4049212
428,2300000.0,-3.6919397,40.4340391
430,1290000.0,-3.7161012,40.4350094
431,124900.0,-3.7423171,40.3743511
433,575000.0,-3.6707277,40.4263377
436,124900.0,-3.7393446,40.3767111
439,4000000.0,-3.7138683,40.4230663
440,124900.0,-3.7418325,40.3770464
441,85000.0,-3.6667009,40.3952879
445,799000.0,-3.67001,40.4779853
446,150000.0,-3.7494319,40.3706245
454,120000.0,-3.6610464,40.397088
456,124999.0,-3.6668782,40.3937779
457,265000.0,-3.7370397,40.4078113
458,240000.0,-3.7038958,40.4563562
464,850000.0,-3.7115345,40.4257257
467,1260000.0,-3.8223701,40.4686299
468,1260000.0,-3.8226117,40.4722044
469,450000.0,-3.7132344,40.4244619
470,1620000.0,-3.6854444,40.431858
471,2350000.0,-3.6793233,40.4440122
475,445000.0,-3.6724273,40.4048525
476,2520000.0,-3.6554832,40.4495511
477,895000.0,-3.7090685,40.4404801
480,890000.0,-3.7160302,40.4274706
481,890000.0,-3.716035,40.4274684
485,340000.0,-3.6787327,40.392715
486,326000.0,-3.7145102,40.4324463
489,2350000.0,-3.6816233,40.4427122
492,137300.0,-3.7409,40.375895
495,120000.0,-3.6693577,40.3869547
497,120000.0,-3.6704652,40.3891583
498,672100.0,-3.7150248,40.4427144
502,890000.0,-3.715135,40.4291684
503,142500.0,-3.7354288,40.4071289
505,175000.0,-3.7531771,40.3843425
506,899000.0,-3.7022972,40.4372811
507,120000.0,-3.7054097,40.345485
508,110000.0,-3.7058577,40.342743
509,136000.0,-3.7044172,40.3450165
510,128700.0,-3.7051666,40.3426242
511,90000.0,-3.7049131,40.3463901
512,131000.0,-3.7042747,40.3429322
513,99000.0,-3.7048545,40.3434481
514,141000.0,-3.7065804,40.3451396
519,215000.0,-3.6982311,40.4037275
524,139000.0,-3.7323777,40.3791326
531,141000.0,-3.7061629,40.3445841
533,820000.0,-3.7156707,40.4402999
534,110000.0,-3.7061629,40.3445841
540,169900.0,-3.7021481,40.4422803
543,140000.0,-3.609849,40.4360372
544,280000.0,-3.7107249,40.4174094
546,799000.0,-3.6662279,40.4531754
547,131000.0,-3.7061622,40.3445987
550,899000.0,-3.7049725,40.4379214
552,190000.0,-3.6328949,40.4289855
557,110000.0,-3.7043144,40.3429085
559,141000.0,-3.7075634,40.3446214
560,179000.0,-3.6662023,40.4235134
562,2800000.0,-3.6322251,40.4531545
566,120000.0,-3.7075323,40.3438386
569,90000.0,-3.705607,40.3464878
570,2800000.0,-3.7810865,40.467745
572,112000.0,-3.7438663,40.3804656
573,199000.0,-3.7234523,40.4808069
574,102000.0,-3.7046844,40.3794936
581,198000.0,-3.6433455,40.4336312
585,94400.0,-3.7720044,40.3971962
589,95000.0,-3.6667009,40.3952879
591,115000.0,-3.6650316,40.4234648
592,175000.0,-3.6241265,40.4370519
593,185000.0,-3.704995,40.4631202
596,203000.0,-3.7233836,40.381933
599,2350000.0,-3.6797233,40.4458122
600,2350000.0,-3.6797233,40.4458122
601,139000.0,-3.7328831,40.3766192
604,109000.0,-3.6614113,40.4287023
607,120000.0,-3.6658796,40.3885306
613,95000.0,-3.744314,40.3853718
618,97000.0,-3.6979125,40.4675146
619,2990000.0,-3.6383919,40.4544112
621,860000.0,-3.7042377,40.4229583
622,173000.0,-3.6744027,40.4360914
623,180000.0,-3.6465143,40.4796391
624,318000.0,-3.5765278,40.4435506
625,415000.0,-3.7147472,40.4335459
633,194900.0,-3.6123332,40.4432424
636,264000.0,-3.7082474,40.3882214
641,990000.0,-3.6827097,40.4245235
644,115000.0,-3.6907004,40.3573862
646,500000.0,-3.7090952,40.434479
648,300000.0,-3.6485362,40.407113
649,145000.0,-3.693461,40.3975483
650,795000.0,-3.6859331,40.4554692
662,145000.0,-3.6874409,40.4845494
663,200000.0,-3.6614165,40.3782079
664,204000.0,-3.7546836,40.3930294
666,520000.0,-3.6700644,40.4257468
676,540000.0,-3.6960198,40.400542
678,495000.0,-3.7007165,40.4538322
680,299999.0,-3.6340116,40.4410779
682,117000.0,-3.7075286,40.3460168
683,107000.0,-3.6958233,40.3521444
684,320000.0,-3.7346719,40.3722022
685,1075000.0,-3.7221312,40.4332577
686,775000.0,-3.706672,40.4189266
688,140000.0,-3.73255,40.40811
690,115900.0,-3.706534,40.3431341
691,127800.0,-3.7081436,40.345451
692,135800.0,-3.7073869,40.3447547
693,125000.0,-3.7050779,40.3431374
695,509000.0,-3.6958069,40.4084642
698,200000.0,-3.704352,40.3836694
703,899000.0,-3.6726051,40.450212
705,129000.0,-3.6116847,40.4087227
708,995000.0,-3.7806873,40.4718201
714,520000.0,-3.6704644,40.4237468
715,1000000.0,-3.7085692,40.431112
716,199000.0,-3.7017019,40.4074649
719,259999.0,-3.6887234,40.473837
721,128800.0,-3.6295308,40.4261016
724,200000.0,-3.7055872,40.3833866
725,115000.0,-3.6904917,40.3579089
727,520000.0,-3.6699644,40.4244468
729,127800.0,-3.7061629,40.3445841
733,115900.0,-3.7061622,40.3445987
734,3079520.0,-3.8358833,40.4774329
735,500000.0,-3.7101396,40.43245
736,125000.0,-3.7061622,40.3445987
740,192000.0,-3.7152821,40.396403
742,2990000.0,-3.6339718,40.4517382
748,115000.0,-3.6922917,40.3559089
750,2500000.0,-3.6818497,40.4631774
751,125000.0,-3.7072248,40.3426372
752,178000.0,-3.7708195,40.3758144
754,395000.0,-3.6984707,40.4332987
760,560000.0,-3.7051374,40.4352602
761,180000.0,-3.6683812,40.3919544
762,155000.0,-3.6545293,40.4247476
763,599000.0,-3.7038277,40.4391421
766,155000.0,-3.7022161,40.4722787
769,115000.0,-3.6906269,40.3559983
770,115000.0,-3.6933586,40.3554073
776,92000.0,-3.71291,40.3965687
781,92000.0,-3.71371,40.3965687
787,520000.0,-3.6701857,40.4221201
788,128800.0,-3.6279056,40.428404
791,290000.0,-3.6967814,40.4121187
792,200000.0,-3.7190977,40.4304628
795,118000.0,-3.762081,40.3682992
797,572800.0,-3.7158248,40.4410144
798,246100.0,-3.7063956,40.4455394
799,96000.0,-3.7058139,40.3821111
800,450000.0,-3.6812229,40.4446355
801,200000.0,-3.7044872,40.3820134
804,265000.0,-3.6539608,40.4386993
805,246100.0,-3.7042239,40.4457025
814,115000.0,-3.6932917,40.3572089
815,140000.0,-3.6567821,40.4041413
820,96000.0,-3.706898,40.3820433
823,290000.0,-3.6680616,40.4265102
825,1385000.0,-3.7854057,40.4569806
826,1095000.0,-3.7188056,40.428569
827,1100000.0,-3.6806013,40.4278829
828,300000.0,-3.6777995,40.4429786
829,400000.0,-3.6652775,40.4249498
831,550000.0,-3.7100645,40.423219
832,360000.0,-3.7008123,40.4667575
833,175000.0,-3.691816,40.4011511
834,335000.0,-3.6120764,40.4454643
835,240000.0,-3.6803432,40.4065352
836,1150000.0,-3.6816863,40.4237621
837,1150000.0,-3.6852018,40.4221768
838,1150000.0,-3.6203297,40.4531728
839,180000.0,-3.7051527,40.3468535
840,550000.0,-3.711298,40.4098164
841,600000.0,-3.6764088,40.4261374
842,599000.0,-3.7110946,40.4327397
843,2300000.0,-3.79723,40.4672237
844,550000.0,-3.7131809,40.412799
845,2300000.0,-3.7941409,40.4691871
847,550000.0,-3.7084002,40.4109464
848,335000.0,-3.7054376,40.417176
849,295000.0,-3.68964,40.4207645
850,299000.0,-3.6765577,40.4266431
852,330000.0,-3.7066186,40.3941951
855,256000.0,-3.7097387,40.4070637
856,120000.0,-3.6454773,40.43518
857,550000.0,-3.7118378,40.4134918
858,175000.0,-3.6959307,40.424802
859,110000.0,-3.7031641,40.4020684
861,399900.0,-3.6653775,40.4248498
862,795000.0,-3.7009677,40.4267604
863,220000.0,-3.6222903,40.4316706
864,550000.0,-3.713215,40.4110154
865,299000.0,-3.6753577,40.4274431
866,1100000.0,-3.7011958,40.4164131
868,549000.0,-3.7014087,40.3984165
869,220000.0,-3.7106549,40.3947651
870,109000.0,-3.7415382,40.3936032
872,220000.0,-3.7115442,40.3967203
873,115000.0,-3.7311199,40.3851711
874,115000.0,-3.7313301,40.3851136
876,220000.0,-3.7373719,40.3890215
877,220000.0,-3.7363508,40.3890213
878,275000.0,-3.6400607,40.4386138
879,165000.0,-3.7055581,40.4010292
880,220000.0,-3.712771,40.3955434
881,202900.0,-3.6723585,40.4892482
883,139000.0,-3.7556358,40.3896433
886,220000.0,-3.7377258,40.3909193
889,220000.0,-3.737712,40.391538
890,360000.0,-3.7203056,40.4309744
891,138000.0,-3.6957557,40.399204
893,239000.0,-3.7142706,40.4102024
895,365000.0,-3.6962737,40.4510646
896,330000.0,-3.6888869,40.4696895
899,109000.0,-3.7416558,40.3922111
900,164900.0,-3.69316,40.3813001
901,220000.0,-3.7387971,40.3914268
902,109000.0,-3.7416558,40.3922111
903,1195000.0,-3.6757127,40.4327936
907,110000.0,-3.6650554,40.385854
908,229000.0,-3.7378859,40.4067365
909,330000.0,-3.7033718,40.4690717
910,120000.0,-3.7305971,40.4110647
914,220000.0,-3.73989,40.3896303
915,149000.0,-3.7257913,40.3918221
918,119990.0,-3.6670527,40.3895368
926,730000.0,-3.6843287,40.447574
928,1750000.0,-3.6348616,40.4579256
929,625000.0,-3.5699502,40.441862
932,240000.0,-3.5757771,40.4425204
933,298000.0,-3.6670604,40.4784033
937,132000.0,-3.7325906,40.3849598
938,165000.0,-3.6081625,40.4464151
939,139000.0,-3.7576195,40.3902816
940,644000.0,-3.7147113,40.4148536
941,599000.0,-3.703483,40.4148351
942,170000.0,-3.7035786,40.426045
944,220000.0,-3.7366413,40.3918351
948,119000.0,-3.7560866,40.3901926
950,350000.0,-3.6989221,40.4578627
951,239000.0,-3.7157857,40.4096852
952,183900.0,-3.6978452,40.4676401
953,600000.0,-3.7084723,40.4339638
956,349000.0,-3.6526122,40.4052228
957,550000.0,-3.6745438,40.4174484
958,230000.0,-3.7526272,40.4064555
960,295000.0,-3.7218442,40.4079474
961,97000.0,-3.7056065,40.4481366
963,125000.0,-3.6528248,40.3880362
964,460000.0,-3.6385633,40.4379497
970,220000.0,-3.7418871,40.3763446
971,149000.0,-3.7253209,40.3930944
972,350000.0,-3.6126694,40.4355429
973,305000.0,-3.6921657,40.366727
975,174900.0,-3.631669,40.4283462
977,230000.0,-3.6643874,40.4277481
981,230000.0,-3.6977104,40.4590898
985,305000.0,-3.6464448,40.4591444
987,121000.0,-3.6327363,40.4265373
990,220000.0,-3.7085937,40.3838388
991,4500000.0,-3.681895,40.4295216
992,175000.0,-3.6078161,40.3769517
996,115000.0,-3.7315517,40.383708
997,119999.0,-3.6299993,40.4267527
1001,270000.0,-3.6542312,40.4412253
1003,135900.0,-3.6680261,40.3926441
1004,184900.0,-3.7432705,40.3794684
1006,365000.0,-3.6803281,40.4252746
1009,115000.0,-3.742609,40.3892637
1011,170000.0,-3.5798564,40.4441545
1016,109900.0,-3.6813716,40.3539964
1019,97000.0,-3.7146898,40.3484018
1021,230000.0,-3.6473962,40.4644899
1022,408250.0,-3.6742358,40.4300421
1024,129000.0,-3.6745416,40.3843135
1026,220000.0,-3.6225485,40.4313948
1028,185200.0,-3.6255877,40.3811317
1031,380000.0,-3.7004196,40.420715
1032,185200.0,-3.62417,40.37931
1033,149000.0,-3.7263218,40.393095
1039,4500000.0,-3.6804805,40.4466053
1040,1475000.0,-3.6799434,40.418671
1042,370000.0,-3.7003377,40.3949334
1043,530000.0,-3.6550576,40.4970601
1044,2780000.0,-3.6357317,40.4531013
1047,1285000.0,-3.7041592,40.4331831
1048,890000.0,-3.6663006,40.4689567
1050,345000.0,-3.6000551,40.3982792
1051,1300000.0,-3.7212817,40.4311937
1053,530000.0,-3.6550531,40.4952938
1054,790000.0,-3.7063733,40.426992
1055,199900.0,-3.6073988,40.4503309
1056,1000000.0,-3.6703134,40.5126926
1057,740000.0,-3.6644547,40.4204176
1058,339900.0,-3.6959967,40.4582747
1059,409000.0,-3.7035589,40.4540307
1060,1390000.0,-3.6901743,40.4606104
1061,790000.0,-3.6779135,40.4378616
1062,6950000.0,-3.686247,40.4323972
1063,660000.0,-3.6775789,40.419793
1064,230000.0,-3.666083,40.4271111
1065,280000.0,-3.6934742,40.4713239
1066,139500.0,-3.748995,40.4060698
1068,140000.0,-3.6467168,40.389257
1070,199990.0,-3.7447467,40.3802496
1074,185000.0,-3.6417149,40.4307527
1075,139900.0,-3.6102217,40.4344585
1076,139000.0,-3.63686,40.43218
1077,260000.0,-3.6298647,40.4704577
1078,345000.0,-3.659581,40.4831801
1079,200000.0,-3.7088885,40.4523672
1081,1300000.0,-3.6957179,40.4268475
1082,279000.0,-3.6761742,40.4313694
1085,200000.0,-3.7027866,40.386707
1086,660000.0,-3.6746325,40.4180425
1088,259000.0,-3.7010975,40.4116782
1089,440000.0,-3.6524433,40.4341824
1090,350000.0,-3.663968,40.4911663
1092,350000.0,-3.6674361,40.4906741
1093,1350000.0,-3.6510057,40.4632483
1094,890000.0,-3.6640006,40.4702567
1096,325000.0,-3.730076,40.3916102
1097,918000.0,-3.6610733,40.429034
1101,148000.0,-3.7283356,40.3868202
1102,1395000.0,-3.7250549,40.4706568
1103,660000.0,-3.6778916,40.4177285
1108,259000.0,-3.7036149,40.4115271
1110,660000.0,-3.6780372,40.4181838
1113,190000.0,-3.6588169,40.4769283
1114,325000.0,-3.7297268,40.3901887
1115,660000.0,-3.6778372,40.4161838
1116,259000.0,-3.7023466,40.4111525
1117,242000.0,-3.6947326,40.3997067
1118,259000.0,-3.7036369,40.4113218
1120,148000.0,-3.6397049,40.4664195
1122,204700.0,-3.6965416,40.3506587
1124,331500.0,-3.7050298,40.4610635
1128,242000.0,-3.6944105,40.4000536
1131,550000.0,-3.6726782,40.4416465
1132,555000.0,-3.6927227,40.4326326
1134,786000.0,-3.7037902,40.4167754
1135,440000.0,-3.6526786,40.4338987
1136,836000.0,-3.7257746,40.4851964
1139,1650000.0,-3.7709503,40.4751056
1140,149000.0,-3.7375762,40.3968164
1141,325000.0,-3.7296575,40.3890241
1142,297260.0,-3.7033515,40.3910541
1147,125000.0,-3.7586947,40.3886411
1152,550000.0,-3.6828778,40.4594878
1153,95000.0,-3.64212,40.39255
1154,5000000.0,-3.6878569,40.4302634
1155,598000.0,-3.7148304,40.4120205
1158,279000.0,-3.6958808,40.3919084
1159,2780000.0,-3.6346813,40.4548367
1162,130000.0,-3.7071392,40.3452745
1164,5000000.0,-3.6854991,40.4319723
1169,571000.0,-3.7053183,40.4052948
1171,650000.0,-3.7040299,40.4221825
1172,520000.0,-3.6713644,40.4248468
1175,299000.0,-3.7059283,40.4223054
1176,1300000.0,-3.7203817,40.4317937
1177,310000.0,-3.7012939,40.4154105
1178,265000.0,-3.6774106,40.4446489
1182,325000.0,-3.7287048,40.39069
1185,2700000.0,-3.6842045,40.4333357
1186,260000.0,-3.6552041,40.4975652
1192,140000.0,-3.6961011,40.3974872
1193,129000.0,-3.6417169,40.4021177
1194,270000.0,-3.6685629,40.3977688
1195,530000.0,-3.6540431,40.4947742
1196,660000.0,-3.6780255,40.4182586
1197,118500.0,-3.6126458,40.4101884
1198,204700.0,-3.6984416,40.3493587
1199,398000.0,-3.7115552,40.4350638
1201,630000.0,-3.7060144,40.412291
1202,790000.0,-3.6784135,40.4357616
1204,205000.0,-3.7075003,40.3429122
1209,125000.0,-3.6661975,40.386322
1210,325000.0,-3.7287048,40.39069
1211,270000.0,-3.6685629,40.3977688
1212,1250000.0,-3.7118493,40.4402018
1214,100000.0,-3.6883789,40.3483798
1215,130000.0,-3.6356591,40.4268845
1217,165000.0,-3.715548,40.3788362
1221,139000.0,-3.6541744,40.3837164
1222,985000.0,-3.6510374,40.4545209
1223,185000.0,-3.6261426,40.420575
1224,230000.0,-3.6303615,40.4210699
1226,325000.0,-3.7291602,40.3920157
1227,149000.0,-3.673395,40.3862156
1228,339999.0,-3.6961431,40.4670259
1232,129000.0,-3.7326959,40.3861526
1233,490000.0,-3.6713816,40.4589661
1237,356000.0,-3.5569796,40.3965402
1242,345000.0,-3.6339231,40.4384672
1247,149000.0,-3.7406131,40.3975315
1250,195000.0,-3.7489576,40.4060617
1252,399000.0,-3.7043954,40.4150953
1253,167000.0,-3.7276301,40.4108109
1256,440000.0,-3.6458843,40.4353087
1261,205000.0,-3.7749114,40.5170411
1263,145000.0,-3.7076906,40.3830779
1264,420000.0,-3.6297591,40.4622212
1265,90000.0,-3.6854556,40.3485793
1269,2700000.0,-3.7816445,40.4708952
1270,1150000.0,-3.6438059,40.4388308
1274,135000.0,-3.7329449,40.3799621
1276,190000.0,-3.7402603,40.3915251
1279,325000.0,-3.7293031,40.3917737
1280,140000.0,-3.6983646,40.3988129
1284,135000.0,-3.6703742,40.3736284
1286,350000.0,-3.7026977,40.4230346
1288,130000.0,-3.731982,40.4091167
1290,157000.0,-3.7599211,40.3700918
1292,1400000.0,-3.734725,40.479126
1294,139999.0,-3.6141478,40.4055996
1296,149000.0,-3.6369005,40.4301189
1299,139000.0,-3.732122,40.3842671
1300,139000.0,-3.732122,40.3842671
1301,246100.0,-3.7063956,40.4455394
1303,124000.0,-3.7097242,40.4491537
1305,140000.0,-3.6991463,40.4098697
1306,204700.0,-3.6984198,40.3477633
1308,205000.0,-3.7764114,40.5182411
1310,260000.0,-3.7028856,40.4706496
1316,325000.0,-3.7287048,40.39069
1321,139900.0,-3.7442936,40.3943886
1323,129000.0,-3.7426167,40.3865016
1324,645000.0,-3.7154104,40.426393
1326,99000.0,-3.703707,40.4097266
1327,226000.0,-3.6896169,40.4726507
1331,1555000.0,-3.6327654,40.4600266
1334,525000.0,-3.6858684,40.4338754
1336,170000.0,-3.7022113,40.4560694
1337,598000.0,-3.6837405,40.4708652
1339,890000.0,-3.6981414,40.4355613
1340,850000.0,-3.679494,40.4426285
1342,159000.0,-3.6635816,40.387146
1343,1030000.0,-3.7103017,40.4400562
1344,1530000.0,-3.6770466,40.463034
1345,330000.0,-3.6551542,40.4924067
1346,895000.0,-3.705865,40.4400631
1347,1600000.0,-3.6756306,40.4655928
1350,540000.0,-3.6823798,40.4565453
1351,150000.0,-3.7078056,40.3469968
1353,650000.0,-3.694833,40.4117741
1356,150000.0,-3.7100219,40.3908588
1357,850000.0,-3.6779305,40.4440976
1359,1195000.0,-3.6695258,40.4595524
1360,450000.0,-3.7167959,40.4126858
1362,425000.0,-3.6434041,40.47845
1365,155000.0,-3.7453406,40.4087222
1368,1600000.0,-3.675435,40.4651229
1370,599000.0,-3.7062449,40.4148885
1373,1050000.0,-3.6866701,40.4513336
1374,895000.0,-3.729441,40.469037
1375,769000.0,-3.7180028,40.4361144
1376,575000.0,-3.7038613,40.4254382
1379,1148000.0,-3.6998136,40.417224
1382,925000.0,-3.7153165,40.4211691
1389,330000.0,-3.7043703,40.4607932
1391,325000.0,-3.599994,40.3646665
1393,155000.0,-3.6666597,40.3867825
1397,188000.0,-3.6317114,40.4265803
1399,395000.0,-3.7036643,40.3899498
1400,160000.0,-3.715632,40.3779054
1401,198000.0,-3.7321219,40.3931972
1403,245000.0,-3.6539348,40.4374733
1405,300000.0,-3.7254914,40.3749174
1406,300000.0,-3.7309416,40.3734146
1411,1850000.0,-3.6750959,40.42671
1412,268000.0,-3.721354,40.4816744
1414,795000.0,-3.7015536,40.4170719
1417,239500.0,-3.741188,40.3761443
1419,235000.0,-3.663325,40.4835789
1422,103000.0,-3.7141793,40.3468657
1424,840000.0,-3.688717,40.4645101
1425,390000.0,-3.6708332,40.4254912
1426,198000.0,-3.7318695,40.391754
1427,499900.0,-3.7025626,40.4242634
1429,330000.0,-3.7356965,40.4037218
1430,198000.0,-3.7287216,40.3943479
1433,198000.0,-3.7300081,40.3912563
1434,198000.0,-3.7307772,40.3920428
1435,450000.0,-3.7163759,40.4117498
1436,115000.0,-3.6445407,40.3937902
1437,145000.0,-3.7218196,40.3911183
1438,212000.0,-3.6908876,40.4003309
1439,598000.0,-3.686619,40.4706137
1440,130000.0,-3.738313,40.4042171
1442,169000.0,-3.6938968,40.495028
1448,119900.0,-3.727984,40.4108191
1450,790000.0,-3.6806938,40.4446624
1451,750000.0,-3.6906437,40.4549928
1453,400000.0,-3.699856,40.4182648
1454,795000.0,-3.6723944,40.4274329
1463,159000.0,-3.7034371,40.4084137
1464,159900.0,-3.7019629,40.4073635
1465,170000.0,-3.6511434,40.4329114
1467,1065000.0,-3.718114,40.436994
1470,311850.0,-3.6461588,40.4328171
1471,140000.0,-3.7290989,40.4095208
1472,159000.0,-3.711973,40.4704298
1473,1500000.0,-3.6872578,40.4204501
1474,795000.0,-3.7019596,40.4161014
1476,375000.0,-3.7013748,40.4438936
1487,149900.0,-3.6955932,40.3946232
1490,450000.0,-3.6950405,40.4500689
1491,147500.0,-3.7435221,40.377991
1493,139900.0,-3.6886058,40.3725276
1494,499000.0,-3.6722921,40.4393629
1496,800000.0,-3.7261412,40.4648446
1499,300000.0,-3.674571,40.507132
1500,83000.0,-3.7028858,40.3834777
1502,450000.0,-3.6944284,40.4484052
1503,398000.0,-3.6507816,40.4884
1504,1690000.0,-3.6970904,40.451836
1510,399000.0,-3.7029166,40.4102522
1513,214610.0,-3.7038222,40.4612025
1514,725000.0,-3.6883082,40.4722304
1515,250000.0,-3.6865613,40.4373748
1516,2210000.0,-3.6948626,40.4343471
1518,235000.0,-3.7200719,40.483234
1519,795000.0,-3.7038137,40.4165901
1520,1080000.0,-3.6694924,40.4759886
1521,129000.0,-3.7098732,40.3844009
1522,1600000.0,-3.7485171,40.4731467
1523,670000.0,-3.7811463,40.462277
1525,1600000.0,-3.6724582,40.4689406
1526,212000.0,-3.7016786,40.4101819
1527,98600.0,-3.6603633,40.4048341
1528,2250000.0,-3.6291825,40.4535213
1529,599000.0,-3.7122707,40.4222413
1530,1600000.0,-3.6730609,40.4679859
1531,365000.0,-3.6776796,40.4060955
1532,198000.0,-3.7325979,40.3944985
1533,890000.0,-3.6981846,40.4530865
1534,840000.0,-3.6661219,40.422398
1536,170000.0,-3.7095448,40.4575253
1538,114000.0,-3.6526813,40.424419
1539,1850000.0,-3.6738959,40.42541
1541,94000.0,-3.6691469,40.3881371
1542,609000.0,-3.6013331,40.3617931
1543,178000.0,-3.763347,40.3969485
1544,280000.0,-3.6958739,40.4027082
1545,330000.0,-3.6912359,40.3889456
1546,890000.0,-3.6768063,40.4032734
1547,1148000.0,-3.7012734,40.4135575
1549,225000.0,-3.6004141,40.4251543
1550,490000.0,-3.6641658,40.4236002
1553,498000.0,-3.6641658,40.4236002
1554,1650000.0,-3.6908406,40.4637175
1555,425000.0,-3.6904802,40.4854745
1556,140000.0,-3.7516785,40.3703771
1557,145000.0,-3.721274,40.4844428
1558,310000.0,-3.5883581,40.3610296
1559,170000.0,-3.6533755,40.425107
1561,239500.0,-3.7397966,40.3773664
1562,159000.0,-3.6271801,40.3768612
1566,99000.0,-3.649997,40.3868952
1567,499999.0,-3.7833473,40.4509663
1573,158000.0,-3.714075,40.3470725
1574,309000.0,-3.6857611,40.3595459
1579,159000.0,-3.7062267,40.4086734
1582,650000.0,-3.7144253,40.4306211
1584,339000.0,-3.708382,40.4353626
1587,257000.0,-3.6413533,40.4366235
1595,310000.0,-3.641816,40.4633493
1596,170000.0,-3.7376329,40.3902226
1597,340000.0,-3.7105685,40.4260425
1598,525000.0,-3.6838065,40.4348702
1602,525000.0,-3.6838065,40.4348702
1605,235000.0,-3.6685629,40.3977688
1606,255000.0,-3.6685629,40.3977688
1607,890000.0,-3.7006344,40.4349548
1608,198000.0,-3.7325762,40.3927569
1610,225000.0,-3.6598239,40.4329375
1611,495000.0,-3.6732807,40.4269741
1612,480000.0,-3.709047,40.4366548
1614,139900.0,-3.7509021,40.3698445
1618,450000.0,-3.6954741,40.454112
1622,340000.0,-3.6869012,40.4408533
1623,325000.0,-3.7006463,40.4229375
1624,3300000.0,-3.7700724,40.4551414
1629,420000.0,-3.5827282,40.460138
1631,149000.0,-3.6428628,40.4057309
1632,750000.0,-3.7293943,40.471197
1633,660000.0,-3.7031025,40.4421493
1638,250000.0,-3.7189895,40.4788381
1640,400000.0,-3.699465,40.4201621
1641,330000.0,-3.7473554,40.3644324
1643,150000.0,-3.7593572,40.3909398
1645,240000.0,-3.6898481,40.4683613
1646,115000.0,-3.6425403,40.3939164
1647,420000.0,-3.7305275,40.4247963
1650,118500.0,-3.6192415,40.4311611
1651,198000.0,-3.6883631,40.4989136
1653,170000.0,-3.6755711,40.4047716
1658,169000.0,-3.6186098,40.3731071
1663,850000.0,-3.6782305,40.4409976
1666,168499.0,-3.5844871,40.4702146
1669,165000.0,-3.6380716,40.4286493
1672,945000.0,-3.6935141,40.4500796
1673,166000.0,-3.7481447,40.3782431
1681,390000.0,-3.6719639,40.4702556
1682,498000.0,-3.6668454,40.4651456
1683,395000.0,-3.6506901,40.404719
1684,545000.0,-3.6640105,40.4466894
1685,235000.0,-3.6987039,40.4531833
1688,295000.0,-3.7110631,40.4332458
1692,799000.0,-3.716219,40.4408833
1693,450000.0,-3.6985286,40.4355311
1694,159000.0,-3.7058836,40.4075408
1696,340000.0,-3.6785055,40.4522453
1699,160000.0,-3.6430869,40.4338538
1700,155000.0,-3.6982955,40.4408053
1701,639000.0,-3.6782814,40.434288
1702,169000.0,-3.6958009,40.3614068
1704,480000.0,-3.6705025,40.4082259
1705,450000.0,-3.7194058,40.4130848
1706,800000.0,-3.7254412,40.4664446
1708,149000.0,-3.7281507,40.392444
1710,122000.0,-3.6221808,40.378922
1717,170000.0,-3.7267735,40.4694669
1720,159000.0,-3.7036371,40.4072137
1721,233700.0,-3.7305599,40.4059614
1722,3300000.0,-3.7698724,40.4523414
1726,115000.0,-3.6419785,40.3938447
1728,169000.0,-3.7177862,40.4640846
1730,390000.0,-3.6746557,40.459641
1731,235000.0,-3.6996855,40.4113978
1736,3300000.0,-3.7717724,40.4551414
1737,150000.0,-3.7111754,40.3848573
1740,159000.0,-3.6595618,40.3952918
1741,330000.0,-3.746492,40.3677636
1742,500000.0,-3.672234,40.4259299
1745,300000.0,-3.7113125,40.4162405
1747,920000.0,-3.7158146,40.4294554
1748,160000.0,-3.6718276,40.3905666
1752,450000.0,-3.694903,40.4499505
1759,80000.0,-3.661604,40.3963593
1760,990000.0,-3.6912927,40.4289045
1763,318000.0,-3.7073313,40.4350097
1764,795000.0,-3.6995336,40.4376294
1765,890000.0,-3.6657995,40.4480503
1766,625000.0,-3.7813632,40.4461921
1767,470000.0,-3.6819474,40.4420897
1768,950000.0,-3.6972359,40.4174982
1770,450000.0,-3.6812995,40.4448786
1772,190000.0,-3.6984521,40.4064684
1773,750000.0,-3.7065997,40.4351118
1774,550000.0,-3.6913848,40.4623203
1775,375000.0,-3.7006617,40.4471014
1778,880000.0,-3.6969963,40.4241531
1780,1500000.0,-3.6786024,40.4482884
1781,890000.0,-3.5910346,40.4578004
1782,157000.0,-3.7113385,40.4258608
1783,525000.0,-3.717507,40.4334148
1784,169000.0,-3.5887167,40.4726409
1787,640000.0,-3.6715479,40.4432378
1788,450000.0,-3.7006677,40.4374795
1790,1125000.0,-3.6695489,40.4271651
1791,199000.0,-3.6976335,40.462307
1792,640000.0,-3.6696754,40.4429311
1793,349900.0,-3.6628727,40.4293012
1794,300000.0,-3.6739687,40.4446594
1795,2100000.0,-3.80726,40.4690091
1797,375000.0,-3.6707493,40.3996356
1798,299500.0,-3.7103223,40.4290114
1799,760000.0,-3.6765896,40.4339359
1800,299000.0,-3.7095669,40.4312419
1801,177000.0,-3.6371463,40.4308541
1802,318000.0,-3.7085313,40.4345097
1803,285000.0,-3.7187433,40.3963171
1804,379000.0,-3.7065076,40.4544655
1806,3079520.0,-3.8347336,40.4784834
1807,275000.0,-3.6795008,40.4095757
1808,205000.0,-3.6060898,40.3864364
1809,750000.0,-3.7084333,40.4355079
1810,159900.0,-3.6982151,40.364176
1813,1053840.0,-3.6866793,40.4643343
1815,870000.0,-3.6968168,40.4269718
1816,399000.0,-3.7559056,40.4054732
1818,620000.0,-3.7196494,40.4320398
1820,499000.0,-3.72007,40.47277
1821,450000.0,-3.7149571,40.4810408
1824,345000.0,-3.693616,40.3964265
1827,256000.0,-3.6745184,40.4436886
1829,820000.0,-3.70861,40.41527
1830,408980.0,-3.6650474,40.4380752
1833,300000.0,-3.6737541,40.4436839
1835,349900.0,-3.6616051,40.4277573
1838,719340.0,-3.6855454,40.4269733
1842,380000.0,-3.7088919,40.4461281
1846,419000.0,-3.6878994,40.4708584
1848,399000.0,-3.6759541,40.405886
1849,360000.0,-3.7182544,40.4249651
1852,510000.0,-3.6748129,40.4330706
1853,500000.0,-3.6950327,40.5089025
1857,85000.0,-3.6710457,40.3853065
1859,360000.0,-3.6952954,40.4361245
1860,272000.0,-3.6930871,40.4056262
1861,1500000.0,-3.7052474,40.4459313
1863,319900.0,-3.7041534,40.3929035
1866,312000.0,-3.6881883,40.3900456
1869,1125000.0,-3.6685615,40.4285203
1870,312000.0,-3.6890115,40.3931717
1871,435000.0,-3.6956311,40.3940104
1872,599000.0,-3.698085,40.4214122
1873,365000.0,-3.6561326,40.4373654
1876,148000.0,-3.7230483,40.3898696
1877,159900.0,-3.7804374,40.3930625
1878,360000.0,-3.7006045,40.4023637
1879,760000.0,-3.675895,40.4344375
1880,189000.0,-3.7107951,40.3944566
1882,189000.0,-3.7162745,40.4642659
1883,312000.0,-3.6889618,40.389742
1884,180000.0,-3.7521029,40.3673009
1885,439090.0,-3.6699147,40.4228129
1886,189000.0,-3.7097951,40.3942566
1894,1125000.0,-3.6664703,40.4280561
1895,149000.0,-3.737995,40.4021284
1896,185000.0,-3.6998899,40.4107207
1897,105000.0,-3.7433343,40.3733501
1900,254030.0,-3.7121476,40.47904
1901,616460.0,-3.6776169,40.4037816
1906,142000.0,-3.6910556,40.3989365
1907,199000.0,-3.707499,40.4071063
1908,419000.0,-3.5885791,40.471685
1910,175000.0,-3.6650729,40.3937444
1915,129000.0,-3.64708,40.4390521
1916,185000.0,-3.7160027,40.4074225
1919,189000.0,-3.7098065,40.3949616
1920,128000.0,-3.715212,40.3789155
1921,185000.0,-3.7679639,40.3806259
1923,359000.0,-3.5930235,40.4459655
1924,185000.0,-3.7008887,40.4079795
1929,199000.0,-3.7045902,40.4100899
1930,199000.0,-3.7071823,40.4104168
1932,370000.0,-3.6570272,40.434223
1935,199000.0,-3.7075621,40.4107796
1940,160000.0,-3.7315124,40.3994157
1941,119000.0,-3.6689282,40.387782
1945,175000.0,-3.734237,40.3939381
1949,318000.0,-3.7076313,40.4369097
1950,189000.0,-3.7133573,40.3946689
1951,199000.0,-3.7063875,40.4067963
1954,270000.0,-3.6567046,40.4357454
1957,295000.0,-3.7128117,40.3948095
1958,270000.0,-3.6341077,40.4366421
1961,159900.0,-3.7332925,40.4090657
1968,920000.0,-3.7159673,40.4337203
1969,380000.0,-3.6752282,40.4575685
1971,175000.0,-3.7718467,40.3812473
1972,179900.0,-3.7338373,40.4060892
1974,199000.0,-3.7073109,40.4104725
1978,179000.0,-3.7032258,40.4439299
1981,157600.0,-3.6571303,40.4734473
1986,134900.0,-3.7620296,40.3691155
1991,130000.0,-3.705078,40.4221996
1992,110200.0,-3.7292168,40.3803741
1998,95000.0,-3.7016462,40.3474696
2002,349000.0,-3.7056345,40.4667813
2003,305000.0,-3.7320565,40.3913781
2004,160000.0,-3.6973892,40.4025762
2006,275000.0,-3.6448376,40.4409194
2007,849000.0,-3.6176248,40.4350197
2008,189000.0,-3.7623521,40.392032
2009,267500.0,-3.707642,40.4376093
2012,350000.0,-3.6911112,40.5000925
2013,100320.0,-3.7135182,40.3481412
2015,160000.0,-3.6754102,40.3825546
2017,168000.0,-3.7044612,40.4629951
2018,160000.0,-3.6973121,40.4018483
2019,190000.0,-3.6957217,40.4036585
2020,625000.0,-3.7802088,40.4492449
2022,874000.0,-3.7114856,40.41493
2024,142025.0,-3.7205467,40.3845127
2026,111150.0,-3.7354995,40.3757362
2027,190000.0,-3.7345184,40.409509
2028,225000.0,-3.7063246,40.3851404
2029,930000.0,-3.7917351,40.4548557
2032,265000.0,-3.6195749,40.4207725
2033,880000.0,-3.6995963,40.4237531
2034,132000.0,-3.7297247,40.3820907
2035,1125000.0,-3.6680965,40.4288427
2038,400000.0,-3.6956754,40.4097541
2039,330000.0,-3.7118627,40.4571626
2040,245000.0,-3.7680637,40.3607817
2042,365000.0,-3.6802899,40.4363259
2045,232000.0,-3.7103932,40.4523583
2048,157000.0,-3.6473963,40.3902451
2049,157000.0,-3.6680894,40.3991658
2050,157000.0,-3.6473963,40.3902451
2051,157000.0,-3.6680894,40.3991658
2052,1053840.0,-3.6852832,40.4637882
2053,880000.0,-3.6968258,40.4223623
2054,616460.0,-3.6787853,40.4042213
2055,380000.0,-3.7187367,40.4321047
2056,175000.0,-3.7016911,40.4097648
2057,119000.0,-3.6672511,40.3898731
2058,580000.0,-3.7096623,40.4255167
2060,97000.0,-3.6690113,40.385521
2062,157000.0,-3.6886928,40.3692567
2064,275000.0,-3.7088792,40.395591
2065,420000.0,-3.6749701,40.4063557
2068,132000.0,-3.7076764,40.4516993
2070,116000.0,-3.6579651,40.3936897
2071,139650.0,-3.6660176,40.3915825
2072,199999.0,-3.7183558,40.4306668
2073,124000.0,-3.6665,40.3935863
2074,199000.0,-3.7078753,40.4066196
2075,95000.0,-3.7010262,40.3473741
2076,175000.0,-3.7084434,40.3438333
2077,180000.0,-3.642349,40.4069194
2079,283000.0,-3.610423,40.4285817
2080,525000.0,-3.6216712,40.4339133
2082,750000.0,-3.6849649,40.4492449
2083,87000.0,-3.6890191,40.3430551
2086,950000.0,-3.6305276,40.4463804
2087,119000.0,-3.6127905,40.4096981
2088,930000.0,-3.690845,40.4318742
2090,185000.0,-3.6471204,40.4038097
2092,1050000.0,-3.6986251,40.4426762
2096,215000.0,-3.6260974,40.3802852
2098,370000.0,-3.6471334,40.3815942
2100,215000.0,-3.6260974,40.3802852
2103,400000.0,-3.6986644,40.4077572
2105,725000.0,-3.6890766,40.4741914
2106,200000.0,-3.6475072,40.4291222
2109,190000.0,-3.700703,40.4590817
2110,280000.0,-3.7084729,40.458506
2112,369000.0,-3.6746173,40.4455549
2114,185000.0,-3.64504,40.3994867
2116,190000.0,-3.7198997,40.4140979
2117,78000.0,-3.6868136,40.3414069
2119,185000.0,-3.7317762,40.3894116
2120,430000.0,-3.6802107,40.4345796
2123,795000.0,-3.6748434,40.42446
2125,206000.0,-3.6270595,40.4294707
2126,199900.0,-3.7798698,40.4566229
2129,179000.0,-3.6167834,40.3691408
2130,1050000.0,-3.6759755,40.435958
2131,185000.0,-3.698313,40.4106926
2132,379000.0,-3.61656,40.4357
2134,895000.0,-3.7101569,40.4176945
2135,405000.0,-3.7013695,40.4633805
2137,208000.0,-3.6654583,40.3920077
2139,390000.0,-3.6673674,40.4118626
2141,598000.0,-3.6736095,40.434965
2145,380000.0,-3.7050814,40.4608632
2147,234840.0,-3.6421134,40.4320518
2149,133000.0,-3.7511926,40.3714104
2150,132000.0,-3.6425984,40.3881182
2151,209000.0,-3.637656,40.4677011
2157,190000.0,-3.7072524,40.4606416
2161,122000.0,-3.71445,40.3479629
2162,189900.0,-3.7670093,40.3967003
2166,265000.0,-3.6407071,40.3880169
2169,157600.0,-3.6552733,40.4724059
2170,265000.0,-3.7010781,40.4072052
2171,185000.0,-3.7129282,40.3456395
2175,190000.0,-3.7195979,40.4134275
2177,295000.0,-3.6889685,40.4702839
2179,200000.0,-3.7454791,40.4062551
2180,189050.0,-3.7254682,40.41128
2183,420000.0,-3.6530364,40.4975967
2184,415000.0,-3.6799531,40.40658
2185,94900.0,-3.6480071,40.3881236
2189,112000.0,-3.6886739,40.3429615
2190,525000.0,-3.6672893,40.4489277
2192,200000.0,-3.7700337,40.3730062
2197,129000.0,-3.7483031,40.4038192
2198,132000.0,-3.7301011,40.3845721
2201,265000.0,-3.6258954,40.4200035
2202,132000.0,-3.7301011,40.3845721
2203,129000.0,-3.7483031,40.4038192
2207,173000.0,-3.6463729,40.3821649
2208,580000.0,-3.7116403,40.4251951
2212,205000.0,-3.784149,40.4583882
2213,475000.0,-3.7226768,40.3923674
2215,3079520.0,-3.8334731,40.4766789
2219,123000.0,-3.6532313,40.3854372
2221,179000.0,-3.7250284,40.3879314
2222,65000.0,-3.6685522,40.3903308
2224,179000.0,-3.7281537,40.3888137
2226,275000.0,-3.7383577,40.4135395
2228,369999.0,-3.5802792,40.4460562
2229,206000.0,-3.6404975,40.4279844
2234,210000.0,-3.6494686,40.4046477
2239,139900.0,-3.7059833,40.4257895
2240,360000.0,-3.6689333,40.4406625
2245,190000.0,-3.7198549,40.4713893
2246,205000.0,-3.6750929,40.4412979
2248,310000.0,-3.6123832,40.4378352
2249,115240.0,-3.6436184,40.3928769
2251,495000.0,-3.715479,40.4265932
2254,119000.0,-3.75221,40.3708471
2261,1800000.0,-3.6919923,40.4505751
2262,220000.0,-3.6376083,40.3889411
2263,345000.0,-3.7105885,40.4249551
2266,805000.0,-3.6746665,40.4068381
2267,380000.0,-3.591497,40.4570085
2269,4490000.0,-3.6850215,40.423453
2270,185000.0,-3.6992604,40.4089975
2272,132000.0,-3.7320011,40.3848721
2274,283000.0,-3.702729,40.4226103
2278,196000.0,-3.638513,40.4257507
2281,165000.0,-3.6631636,40.3874838
2283,142880.0,-3.6422142,40.4269916
2285,161790.0,-3.7750389,40.3819462
2286,130000.0,-3.7052391,40.4227914
2287,122000.0,-3.7155202,40.3489938
2289,205000.0,-3.5972357,40.4471895
2290,95000.0,-3.7025462,40.3507696
2292,59000.0,-3.7162617,40.3889964
2293,595000.0,-3.6963684,40.4583942
2294,173500.0,-3.641046,40.3938558
2295,175000.0,-3.6719855,40.4290409
2296,160000.0,-3.6750918,40.3786466
2298,148000.0,-3.6607286,40.479256
2299,190000.0,-3.7644982,40.3987236
2300,157600.0,-3.6574648,40.4713373
2301,160000.0,-3.744468,40.3891272
2308,168000.0,-3.7503302,40.3726879
2309,147000.0,-3.6629021,40.4018395
2313,105000.0,-3.734312,40.4050208
2315,189900.0,-3.6875928,40.3680567
2325,255000.0,-3.7118882,40.394344
2326,750000.0,-3.7033675,40.4242826
2330,128000.0,-3.6699695,40.3807256
2336,101000.0,-3.701708,40.3817402
2337,128000.0,-3.6957415,40.3917357
2341,900000.0,-3.6705898,40.4255363
2344,439000.0,-3.7168979,40.4278982
2345,345000.0,-3.6995658,40.4679092
2346,1349000.0,-3.6706429,40.4412033
2347,695000.0,-3.6970736,40.452704
2348,530000.0,-3.6760377,40.4147781
2350,395000.0,-3.7061749,40.4160276
2351,1495000.0,-3.6628752,40.4592028
2352,800000.0,-3.7863693,40.4525358
2353,345000.0,-3.6969379,40.4684024
2354,750000.0,-3.720421,40.4324417
2356,375000.0,-3.6684405,40.4232495
2357,495000.0,-3.7014629,40.4051973
2358,260000.0,-3.7093265,40.4151142
2359,599900.0,-3.7181512,40.4858205
2360,430000.0,-3.7043967,40.4234485
2363,769000.0,-3.6797805,40.4412676
2364,120000.0,-3.6466052,40.3890649
2365,515000.0,-3.6722763,40.5031142
2366,490000.0,-3.7112997,40.419351
2367,219900.0,-3.696474,40.3651099
2368,249900.0,-3.7453981,40.3816537
2369,610000.0,-3.7000032,40.4246837
2370,245000.0,-3.6199887,40.365526
2372,900000.0,-3.6702728,40.427497
2374,799000.0,-3.6909902,40.4355244
2375,5500000.0,-3.632668,40.4602352
2376,430000.0,-3.7037602,40.4244105
2378,215000.0,-3.6291235,40.4277477
2379,430000.0,-3.6796376,40.4017034
2380,649000.0,-3.7119193,40.4377814
2381,769000.0,-3.6775326,40.4400054
2382,429000.0,-3.6912272,40.4015092
2383,515000.0,-3.6969506,40.4398948
2384,269000.0,-3.7003784,40.4339168
2385,480000.0,-3.6699224,40.4073863
2386,2590000.0,-3.6911911,40.4138468
2387,259000.0,-3.5812879,40.4732539
2388,1149000.0,-3.6987417,40.4477685
2389,449000.0,-3.7010371,40.4003414
2390,219000.0,-3.7008149,40.4523323
2391,306000.0,-3.6985488,40.3924539
2392,345000.0,-3.6966761,40.4716274
2393,229000.0,-3.7394695,40.4095115
2394,239000.0,-3.5567058,40.3986382
2395,450000.0,-3.6790337,40.4234412
2396,270000.0,-3.6384344,40.4717408
2397,299000.0,-3.6955651,40.4599549
2398,249000.0,-3.7035014,40.460964
2400,550000.0,-3.7041005,40.4146202
2401,1200000.0,-3.7075026,40.4938567
2404,139900.0,-3.7361405,40.3858831
2405,350000.0,-3.7004969,40.4412004
2407,475000.0,-3.6483784,40.4907826
2409,498000.0,-3.6890034,40.3884265
2413,364000.0,-3.6959368,40.4563718
2419,365000.0,-3.5546876,40.3987266
2420,345000.0,-3.6987114,40.4715922
2422,798000.0,-3.6532282,40.4502384
2423,498000.0,-3.7173981,40.4877172
2424,320000.0,-3.7058305,40.4094975
2425,230000.0,-3.7006054,40.4694948
2428,450000.0,-3.676142,40.4212859
2429,365000.0,-3.6427861,40.4578679
2431,1390000.0,-3.6663327,40.4493933
2434,182000.0,-3.6540744,40.4049048
2435,860000.0,-3.7172809,40.4299946
2436,349000.0,-3.6638722,40.4898846
2437,380000.0,-3.7022095,40.4597785
2439,2150000.0,-3.8095143,40.467533
2442,240000.0,-3.6423698,40.4376998
2452,158000.0,-3.6382309,40.3910237
2453,129000.0,-3.7421433,40.3752079
2454,470000.0,-3.6681365,40.4065468
2455,259000.0,-3.7177216,40.3883934
2458,480000.0,-3.7066202,40.410497
2463,154000.0,-3.7572771,40.3664281
2466,229000.0,-3.7432922,40.3839378
2468,267000.0,-3.7093958,40.4096142
2469,192000.0,-3.651919,40.3940146
2470,324000.0,-3.7170393,40.4112493
2472,249900.0,-3.7523379,40.4031131
2473,239000.0,-3.7769138,40.5213173
2474,234180.0,-3.6982971,40.4602236
2479,440000.0,-3.6638154,40.4387197
2480,125000.0,-3.6496355,40.3820043
2483,345000.0,-3.6603157,40.4572999
2484,221000.0,-3.7030454,40.4102751
2487,650000.0,-3.7282354,40.4704542
2489,410000.0,-3.6719082,40.5004231
2490,450000.0,-3.6761075,40.4237751
2491,269000.0,-3.6984984,40.4530814
2493,350000.0,-3.7684959,40.3826131
2494,324000.0,-3.7190422,40.4122527
2495,268999.0,-3.7393583,40.4064327
2496,139000.0,-3.7088014,40.4612182
2497,138000.0,-3.7344099,40.3915562
2499,249900.0,-3.753021,40.4022056
2502,249900.0,-3.753021,40.4022056
2503,1300000.0,-3.693346,40.4390347
2504,157900.0,-3.760053,40.3982672
2505,650000.0,-3.6709675,40.4182102
2507,795000.0,-3.7075539,40.4106554
2509,159000.0,-3.6470706,40.4041754
2510,249900.0,-3.7514461,40.4032964
2512,230000.0,-3.7148732,40.4745387
2513,249000.0,-3.753256,40.4046146
2514,230000.0,-3.7325562,40.4089592
2515,249900.0,-3.7508059,40.4022736
2516,249900.0,-3.7507451,40.4018601
2517,520000.0,-3.7048995,40.5052732
2519,211900.0,-3.7661128,40.3983517
2520,345000.0,-3.6970752,40.4680947
2522,519000.0,-3.7039798,40.5047228
2523,615000.0,-3.6695789,40.4091328
2528,189000.0,-3.7587555,40.3755939
2529,245000.0,-3.6802746,40.4265277
2531,267000.0,-3.7133947,40.407459
2532,249900.0,-3.7530346,40.4026574
2533,229000.0,-3.7446596,40.3821321
2534,269000.0,-3.6271359,40.3953591
2535,267000.0,-3.7133774,40.40463
2536,250000.0,-3.6826178,40.4029154
2537,229000.0,-3.7395695,40.4096115
2538,245000.0,-3.6758915,40.3416066
2540,249900.0,-3.7537317,40.4038938
2542,267000.0,-3.7138665,40.404492
2543,229000.0,-3.7415245,40.4091944
2544,229000.0,-3.7469892,40.3849745
2547,422000.0,-3.7112057,40.4220241
2548,267000.0,-3.7107901,40.4049322
2549,249000.0,-3.6580719,40.4338155
2550,235000.0,-3.738814,40.4081111
2552,229000.0,-3.7458497,40.3837407
2554,890000.0,-3.6910732,40.4551935
2556,229000.0,-3.7431359,40.3848147
2558,324000.0,-3.7193289,40.4136696
2559,690000.0,-3.7090833,40.4216208
2567,149000.0,-3.7421046,40.3857143
2568,152200.0,-3.7309744,40.388633
2574,255000.0,-3.7070909,40.3829161
2577,450000.0,-3.7154951,40.4474384
2578,275000.0,-3.6518397,40.4070805
2579,159000.0,-3.7424727,40.4031757
2580,365000.0,-3.6732845,40.4306918
2581,375000.0,-3.6730711,40.3989524
2582,370000.0,-3.555694,40.3950269
2583,100000.0,-3.6966967,40.4658902
2584,275000.0,-3.7429769,40.3999139
2590,479000.0,-3.6717376,40.4168509
2597,440000.0,-3.7119319,40.4800192
2602,212000.0,-3.7274859,40.3855125
2603,225000.0,-3.7153698,40.3917564
2605,370000.0,-3.5576788,40.3949768
2607,450000.0,-3.6819017,40.4437631
2616,410000.0,-3.7010137,40.4853526
2621,123000.0,-3.6243544,40.3768461
2626,250000.0,-3.716172,40.3976059
2627,133260.0,-3.7144185,40.3813865
2629,225000.0,-3.726214,40.4111089
2630,188000.0,-3.6489996,40.4617484
2631,134990.0,-3.7025673,40.3884175
2645,179000.0,-3.6091861,40.4022794
2647,198700.0,-3.6498115,40.3773287
2648,132500.0,-3.6908938,40.3485236
2650,132500.0,-3.6908938,40.3485236
2653,259000.0,-3.6477612,40.4348612
2654,212000.0,-3.7241712,40.3858429
2663,139000.0,-3.6189414,40.3796218
2664,129999.0,-3.6392167,40.427784
2665,269000.0,-3.6982355,40.3953579
2666,225000.0,-3.7257377,40.4080003
2667,449000.0,-3.6978605,40.3970118
2668,260000.0,-3.7032567,40.4171529
2669,499000.0,-3.7080468,40.4368717
2670,115000.0,-3.7319452,40.3839968
2674,790000.0,-3.6788635,40.4207494
2676,375000.0,-3.6677595,40.4259414
2682,575000.0,-3.7171075,40.4464887
2684,200000.0,-3.696122,40.4133023
2685,139900.0,-3.7682797,40.3779997
2686,450000.0,-3.6785707,40.4218254
2687,350000.0,-3.6995791,40.4414546
2688,269000.0,-3.69799,40.3959347
2689,4500000.0,-3.7313672,40.4611183
2690,485000.0,-3.6751193,40.4427495
2691,449000.0,-3.6935143,40.3947168
2693,465000.0,-3.6088727,40.4523591
2694,109900.0,-3.7026736,40.3866273
2695,470000.0,-3.6843852,40.4369692
2696,795000.0,-3.6969937,40.485798
2697,1150000.0,-3.6452409,40.441538
2698,1300000.0,-3.6656012,40.4234314
2699,219000.0,-3.6945366,40.3927535
2700,219000.0,-3.6945366,40.3927535
2701,649900.0,-3.7025114,40.4362324
2702,324000.0,-3.7196555,40.411028
2704,395000.0,-3.6002482,40.4031346
2705,192000.0,-3.6481495,40.3924561
2707,230000.0,-3.6755728,40.3486418
2710,350000.0,-3.7004526,40.4422042
2712,275000.0,-3.6585931,40.4763241
2714,199000.0,-3.6500869,40.3796809
2715,135000.0,-3.6379027,40.4377954
2716,245000.0,-3.6758915,40.3416066
2717,215000.0,-3.7030579,40.3878
2719,138000.0,-3.6500782,40.387427
2721,240000.0,-3.7030409,40.4254644
2723,275000.0,-3.6100513,40.4295565
2725,820000.0,-3.7237602,40.4677826
2726,189000.0,-3.7513826,40.391064
2729,510000.0,-3.6611974,40.4500121
2731,219000.0,-3.6349952,40.4734892
2732,265000.0,-3.6534986,40.4079413
2733,192000.0,-3.7357865,40.3930926
2734,840000.0,-3.7188444,40.4291656
2736,550000.0,-3.6686002,40.4852404
2738,270000.0,-3.7412051,40.3848497
2739,168000.0,-3.7112587,40.4710271
2740,375000.0,-3.6681894,40.4252926
2741,695000.0,-3.6986772,40.4535428
2742,249900.0,-3.7026386,40.3872304
2744,215000.0,-3.6560909,40.4390409
2748,525000.0,-3.688665,40.4675598
2749,259000.0,-3.7273857,40.3738251
2750,268000.0,-3.6963823,40.4099322
2751,525000.0,-3.688665,40.4675598
2752,135000.0,-3.7369255,40.3859919
2753,385000.0,-3.7118414,40.4306401
2756,179000.0,-3.6529537,40.4322866
2757,275000.0,-3.7039172,40.4589925
2758,150000.0,-3.7248373,40.3841469
2759,173000.0,-3.7086792,40.423095
2760,345000.0,-3.6990981,40.4681933
2762,700000.0,-3.6619605,40.435529
2764,235000.0,-3.7043075,40.4095222
2766,940000.0,-3.7274498,40.4832404
2769,175000.0,-3.6446714,40.403125
2770,599000.0,-3.7002904,40.4246196
2771,278000.0,-3.7013893,40.424177
2772,267000.0,-3.7094453,40.4087805
2774,225000.0,-3.7164549,40.4621974
2779,450000.0,-3.6762816,40.4237675
2781,120000.0,-3.7550865,40.3931179
2782,240500.0,-3.7088025,40.4595332
2783,159000.0,-3.6660671,40.3881086
2785,398800.0,-3.7021565,40.4481478
2787,173000.0,-3.7078481,40.4232655
2789,660000.0,-3.6989479,40.4533175
2791,178000.0,-3.7688964,40.3782264
2792,149000.0,-3.7133323,40.3792411
2799,449000.0,-3.6991323,40.3970065
2802,650000.0,-3.6748177,40.4187485
2806,395000.0,-3.6957335,40.4906248
2810,350000.0,-3.7005456,40.4441951
2811,799000.0,-3.6904965,40.433271
2812,172000.0,-3.6671131,40.3842781
2816,795000.0,-3.709144,40.4099242
2819,650000.0,-3.6738605,40.4145272
2820,4300000.0,-3.7773718,40.470129
2821,1140000.0,-3.6899903,40.4613947
2822,410000.0,-3.7042599,40.4073069
2823,595000.0,-3.7059671,40.4262515
2824,267000.0,-3.7142772,40.403951
2825,239900.0,-3.7180292,40.3829795
2827,335000.0,-3.7553778,40.3951504
2828,115000.0,-3.6644885,40.425594
2829,134999.0,-3.7783957,40.3806633
2830,410000.0,-3.7016768,40.4098382
2831,268000.0,-3.7000839,40.4182444
2834,299000.0,-3.6307685,40.4710185
2835,128000.0,-3.7022281,40.4668889
2836,375000.0,-3.6055416,40.4026754
2837,250000.0,-3.7104154,40.4154268
2841,340000.0,-3.6051231,40.4233267
2842,439000.0,-3.7189693,40.4250468
2848,241000.0,-3.7612704,40.3641735
2851,109000.0,-3.7213565,40.3889325
2853,229000.0,-3.7458677,40.3831821
2858,750000.0,-3.7049877,40.4186694
2859,255000.0,-3.6254051,40.417427
2860,120000.0,-3.7309287,40.3829048
2868,1750000.0,-3.6955226,40.4145936
2869,268000.0,-3.6526347,40.4737558
2871,384900.0,-3.6174656,40.417934
2875,850000.0,-3.6708101,40.4083671
2876,130000.0,-3.6925296,40.4017593
2879,430000.0,-3.6610064,40.4241588
2880,849999.0,-3.6845018,40.432811
2881,399000.0,-3.6529348,40.4757231
2886,159000.0,-3.6577023,40.4362875
2888,299000.0,-3.6623584,40.4560263
2889,550000.0,-3.6753483,40.4984921
2890,115000.0,-3.6631349,40.4001005
2891,240000.0,-3.6638238,40.4088278
2893,370000.0,-3.6678909,40.4098153
2894,159000.0,-3.7397602,40.3933481
2895,129000.0,-3.6897598,40.3506244
2898,2650000.0,-3.6951403,40.4316737
2901,254900.0,-3.6594323,40.4275273
2903,430000.0,-3.704762,40.4727483
2905,530000.0,-3.6654187,40.4703245
2907,212000.0,-3.7266435,40.3857385
2909,159000.0,-3.6660671,40.3881086
2910,215000.0,-3.7033894,40.3858181
2913,189999.0,-3.7021721,40.4714901
2918,490000.0,-3.6877949,40.3896474
2919,135000.0,-3.7454777,40.3843192
2921,129000.0,-3.6498233,40.3791987
2923,182000.0,-3.6373344,40.3818458
2928,238000.0,-3.6592392,40.475273
2931,255000.0,-3.6974653,40.4646095
2933,142000.0,-3.6287205,40.3788223
2936,106000.0,-3.6852146,40.3390486
2937,258000.0,-3.6438091,40.4349209
2938,1195000.0,-3.6739819,40.4270475
2940,360000.0,-3.5837419,40.4579858
2947,139500.0,-3.7371021,40.3945079
2949,256000.0,-3.6973566,40.3728119
2950,140000.0,-3.6417892,40.4285231
2954,219900.0,-3.7051978,40.3829957
2956,289000.0,-3.5578821,40.4012362
2960,160000.0,-3.6669502,40.3953552
2961,134000.0,-3.6733548,40.3789699
2963,355000.0,-3.673755,40.4474363
2964,399900.0,-3.6260389,40.3755256
2965,169000.0,-3.7441228,40.3782351
2967,2300000.0,-3.7072573,40.4922901
2973,2650000.0,-3.6963403,40.4325737
2976,250000.0,-3.7026474,40.3465183
2981,355000.0,-3.6736333,40.4455693
2982,98000.0,-3.6392768,40.4296926
2983,365000.0,-3.6560515,40.4319192
2984,199000.0,-3.6778138,40.3488391
2985,125000.0,-3.7317378,40.3777537
2986,215000.0,-3.6639711,40.3872322
2987,230000.0,-3.6979074,40.4695807
2988,220000.0,-3.6796758,40.4044812
2989,406000.0,-3.6613874,40.4104704
2991,239000.0,-3.7020586,40.4086537
3003,240000.0,-3.7028469,40.4266383
3007,240000.0,-3.7033176,40.4251218
3008,55000.0,-3.6670036,40.3952408
3013,345000.0,-3.7030976,40.422656
3016,124900.0,-3.7064534,40.4514623
3018,220000.0,-3.6241733,40.439738
3022,2200000.0,-3.6807815,40.4285767
3026,173000.0,-3.7105447,40.4238026
3027,110000.0,-3.7473378,40.3697027
3028,224900.0,-3.6940573,40.4721947
3029,240000.0,-3.7112772,40.4378189
3037,375000.0,-3.6743888,40.3984858
3043,1099000.0,-3.6987099,40.4132922
3044,1330000.0,-3.7050787,40.4326674
3045,138000.0,-3.6480882,40.3868535
3046,130000.0,-3.6370539,40.4274214
3047,240500.0,-3.7101025,40.4607332
3049,130000.0,-3.6373968,40.3933698
3050,240000.0,-3.7008994,40.4272158
3052,130000.0,-3.6373968,40.3933698
3056,250000.0,-3.705123,40.3473097
3057,159000.0,-3.6541107,40.4711803
3059,220000.0,-3.6968629,40.40629
3061,163000.0,-3.663286,40.4792541
3063,238000.0,-3.6094702,40.4281603
3065,129900.0,-3.621021,40.4267093
3066,240000.0,-3.7009618,40.4250109
3072,540000.0,-3.675239,40.4262385
3073,625000.0,-3.71546,40.4399272
3076,130000.0,-3.6132678,40.4073528
3078,173000.0,-3.7069287,40.4237056
3080,650000.0,-3.71466,40.424515
3081,540000.0,-3.6760173,40.4266912
3089,55000.0,-3.6667392,40.3951988
3090,750000.0,-3.6762853,40.4239228
3091,800000.0,-3.6817866,40.4291889
3092,820000.0,-3.6888581,40.3905577
3095,140000.0,-3.7424242,40.387568
3096,250000.0,-3.7062166,40.3469633
3101,215000.0,-3.6559036,40.4541721
3102,82000.0,-3.5833491,40.3645805
3103,565000.0,-3.705324,40.4627268
3104,545000.0,-3.6551083,40.4990122
3105,629000.0,-3.6616501,40.4930859
3108,545000.0,-3.6633628,40.4270877
3109,799000.0,-3.7235412,40.4876497
3110,700000.0,-3.679374,40.4484468
3111,1440000.0,-3.6899088,40.409445
3112,1880000.0,-3.712465,40.4199698
3113,595000.0,-3.7080269,40.427794
3114,465000.0,-3.7439429,40.3669404
3115,899000.0,-3.7045333,40.4972108
3116,845000.0,-3.7163904,40.4323091
3117,389000.0,-3.6681966,40.4075601
3118,1495000.0,-3.66059,40.4583117
3119,1440000.0,-3.6901781,40.4073977
3120,390000.0,-3.7022851,40.4201684
3121,580000.0,-3.6591767,40.4525481
3122,700000.0,-3.702788,40.4381882
3123,580000.0,-3.6677279,40.4173774
3124,770000.0,-3.6719878,40.4111564
3125,720000.0,-3.7077763,40.4390864
3126,435000.0,-3.6775959,40.4363751
3127,385000.0,-3.7317613,40.4277981
3128,700000.0,-3.6778565,40.4502846
3129,690000.0,-3.6685332,40.4254129
3130,310000.0,-3.641229,40.4618513
3131,159999.0,-3.7082349,40.3486866
3132,1495000.0,-3.6621752,40.4602028
3133,679000.0,-3.6596518,40.491227
3134,299900.0,-3.643466,40.4316364
3136,840000.0,-3.6716065,40.4520681
3137,630000.0,-3.6628502,40.4498368
3138,174000.0,-3.7485313,40.3778874
3139,105000.0,-3.6670457,40.3827082
3140,154000.0,-3.6544386,40.4215794
3141,350000.0,-3.6450136,40.4340175
3143,2275000.0,-3.70883,40.48923
3144,319000.0,-3.6725739,40.3952553
3145,825000.0,-3.6729549,40.455007
3146,310000.0,-3.5877443,40.4417512
3147,325000.0,-3.596128,40.3603
3149,173000.0,-3.6498623,40.4068794
3150,340000.0,-3.6988402,40.4656342
3151,649000.0,-3.6869986,40.4737581
3152,340000.0,-3.6769208,40.4024418
3153,116500.0,-3.6802673,40.35587
3154,3400000.0,-3.6895985,40.4168256
3155,169000.0,-3.743007,40.3679209
3156,124000.0,-3.7467028,40.4023096
3157,288000.0,-3.6986324,40.3319996
3158,305000.0,-3.5990357,40.4452094
3159,560000.0,-3.663792,40.4329763
3160,269900.0,-3.6211472,40.4374421
3161,570000.0,-3.6756514,40.4348838
3163,169000.0,-3.6004069,40.4038849
3164,555000.0,-3.6658565,40.437963
3165,840000.0,-3.6706241,40.4537815
3166,360000.0,-3.698422,40.3990326
3167,700000.0,-3.6759665,40.4508455
3169,349900.0,-3.7544853,40.3919768
3174,648000.0,-3.6742319,40.4988446
3176,379000.0,-3.6704971,40.405367
3178,344600.0,-3.6777168,40.3914842
3180,430000.0,-3.720643,40.4719401
3181,219000.0,-3.7082086,40.4633199
3183,360000.0,-3.7140031,40.482101
3184,580000.0,-3.6681952,40.4267777
3185,925000.0,-3.635207,40.446183
3186,280000.0,-3.7257057,40.4776122
3187,559000.0,-3.7051316,40.4530745
3190,339000.0,-3.6759738,40.4412477
3191,330000.0,-3.6746424,40.4789648
3193,510000.0,-3.7168835,40.4754719
3194,185000.0,-3.6479676,40.4024809
3201,630000.0,-3.6786264,40.4069825
3202,515000.0,-3.6817069,40.4070786
3205,190000.0,-3.7718892,40.3787935
3206,725000.0,-3.6673518,40.4276273
3207,165000.0,-3.7287221,40.3863315
3208,279000.0,-3.6440621,40.4718803
3209,1600000.0,-3.6841692,40.460811
3212,475000.0,-3.7044459,40.4522848
3214,465000.0,-3.7091044,40.4112112
3217,155000.0,-3.7392855,40.4087826
3218,282700.0,-3.6332946,40.4050768
3219,540000.0,-3.6716606,40.4053894
3221,310000.0,-3.6817963,40.4056279
3224,760000.0,-3.7150669,40.4378282
3225,389000.0,-3.7450484,40.399875
3226,389000.0,-3.7451109,40.3989836
3227,345000.0,-3.6641318,40.4818315
3228,389000.0,-3.7450155,40.4017923
3231,155000.0,-3.6619454,40.3931928
3235,199000.0,-3.7035085,40.4260956
3236,389000.0,-3.7469148,40.3998135
3241,310000.0,-3.5884509,40.4446478
3242,325000.0,-3.5977649,40.3618204
3243,193000.0,-3.6427199,40.3871193
3244,389000.0,-3.7456299,40.4017015
3245,369000.0,-3.6900423,40.3897321
3246,455000.0,-3.668131,40.4249771
3247,648000.0,-3.6706319,40.5011446
3248,349000.0,-3.6596058,40.4586941
3249,379000.0,-3.6634284,40.4908215
3250,435000.0,-3.7040446,40.3976938
3251,349000.0,-3.6596058,40.4586941
3252,397000.0,-3.6408965,40.4702088
3253,299900.0,-3.7674009,40.3628968
3254,175000.0,-3.6986439,40.405691
3257,620000.0,-3.6666457,40.4110217
3259,1450000.0,-3.6885816,40.4538403
3260,703000.0,-3.7075186,40.4189617
3263,389000.0,-3.7481527,40.4003686
3264,340000.0,-3.7129157,40.4316742
3266,379000.0,-3.5956718,40.3611853
3267,569000.0,-3.7047761,40.4108051
3270,170000.0,-3.6087918,40.4216053
3272,155000.0,-3.6637534,40.3893202
3274,397000.0,-3.6407721,40.4700393
3278,290000.0,-3.6686538,40.4275947
3285,679000.0,-3.6700727,40.4780292
3287,280000.0,-3.708159,40.4275854
3291,825000.0,-3.6706327,40.4515827
3292,925000.0,-3.635234,40.4440553
3293,329800.0,-3.6798739,40.4049123
3294,1895000.0,-3.6438919,40.4501646
3295,269000.0,-3.7249054,40.3863175
3296,475000.0,-3.7055307,40.4548432
3297,149000.0,-3.7695435,40.3738002
3298,397000.0,-3.6421622,40.466487
3300,329800.0,-3.6798739,40.4049123
3302,840000.0,-3.671581,40.4515985
3307,289000.0,-3.6933317,40.4630911
3308,465000.0,-3.6766481,40.4788328
3309,229000.0,-3.6603036,40.4357762
3310,650000.0,-3.6623805,40.4302412
3312,233000.0,-3.6485574,40.4795275
3319,350000.0,-3.6970127,40.4422535
3323,265000.0,-3.6741437,40.3433853
3324,310000.0,-3.6772142,40.4197692
3325,189000.0,-3.693333,40.4920851
3326,365000.0,-3.6721893,40.4369969
3327,125000.0,-3.6677608,40.4012539
3328,170000.0,-3.7074985,40.4460686
3329,310000.0,-3.6622379,40.4464866
3331,670000.0,-3.7750799,40.4507847
3332,140000.0,-3.6580218,40.4305862
3333,650000.0,-3.6980222,40.482781
3335,545000.0,-3.7025053,40.4663751
3337,290000.0,-3.7056034,40.4599417
3338,379000.0,-3.7055376,40.4656396
3339,348000.0,-3.6316203,40.3819553
3344,349900.0,-3.7536746,40.3908746
3348,389950.0,-3.7053738,40.4330723
3351,145000.0,-3.6931814,40.3977442
3352,150000.0,-3.7093205,40.3737253
3357,185000.0,-3.6449798,40.4285291
3359,115000.0,-3.7654318,40.3803072
3361,140000.0,-3.6699363,40.3869446
3362,1350000.0,-3.7845095,40.4590262
3363,145000.0,-3.6929199,40.3980541
3364,320000.0,-3.7154951,40.4474384
3365,145025.0,-3.7210204,40.3844618
3367,126000.0,-3.7000294,40.3550216
3373,145000.0,-3.6937983,40.3970982
3376,112000.0,-3.7180097,40.3438958
3379,289000.0,-3.743838,40.4040251
3383,199000.0,-3.7010749,40.3565427
3385,680000.0,-3.6703016,40.4420247
3387,137000.0,-3.7032692,40.3879244
3388,369000.0,-3.6995369,40.4079444
3389,145000.0,-3.6923055,40.3980866
3390,125000.0,-3.7039371,40.4076137
3393,149000.0,-3.7320194,40.3751413
3396,155000.0,-3.6530648,40.4236456
3409,150000.0,-3.7346824,40.4069685
3415,145000.0,-3.7665313,40.3813352
3416,154900.0,-3.6432413,40.4010756
3420,160000.0,-3.7715275,40.3763974
3421,350000.0,-3.6350142,40.466034
3426,236000.0,-3.7030904,40.3905918
3430,349900.0,-3.7528722,40.3934175
3431,159900.0,-3.6421306,40.3968601
3433,288000.0,-3.590335,40.4469434
3436,189000.0,-3.7525497,40.3952526
3437,240000.0,-3.7035872,40.4584152
3445,730000.0,-3.6852456,40.4473158
3449,210000.0,-3.7691151,40.3774521
3452,210000.0,-3.7691151,40.3774521
3455,136470.0,-3.660447,40.3846578
3456,143000.0,-3.6609064,40.4038985
3461,575000.0,-3.6683086,40.4361753
3462,310000.0,-3.7220005,40.4000882
3463,675000.0,-3.7041884,40.4263116
3464,840000.0,-3.6729876,40.4519152
3465,1820000.0,-3.67237,40.4274873
3466,575000.0,-3.7065335,40.4467903
3467,175000.0,-3.6983633,40.3609626
3468,560000.0,-3.6658346,40.4094579
3469,174000.0,-3.6169696,40.364454
3470,169000.0,-3.7002041,40.3878118
3471,510000.0,-3.6743997,40.500366
3472,310000.0,-3.6636112,40.4478627
3474,310000.0,-3.6988566,40.4416764
3476,925000.0,-3.6339202,40.4459536
3478,720000.0,-3.6733997,40.4246637
3479,730000.0,-3.7207082,40.4323835
3480,195000.0,-3.6118222,40.4412863
3481,290000.0,-3.6599492,40.4783636
3482,310000.0,-3.6629379,40.4474866
3483,630000.0,-3.6689632,40.4183037
3484,475000.0,-3.6777889,40.4015286
3485,700000.0,-3.6756099,40.4510292
3486,629000.0,-3.6626792,40.4928848
3487,750000.0,-3.6607651,40.4410962
3488,618000.0,-3.6769952,40.4196841
3491,1595000.0,-3.6820709,40.4633263
3492,970000.0,-3.6734699,40.4339687
3493,138000.0,-3.6711612,40.3898467
3494,679000.0,-3.697992,40.486849
3495,370000.0,-3.6961317,40.4087244
3496,360000.0,-3.7005806,40.3952396
3498,170000.0,-3.7713074,40.3800411
3499,214000.0,-3.7032533,40.4072408
3501,152500.0,-3.7180479,40.386973
3502,260000.0,-3.6755733,40.4157447
3503,225000.0,-3.7135053,40.4756804
3504,389000.0,-3.7443942,40.4016617
3505,770000.0,-3.7059506,40.4266193
3506,565000.0,-3.6619677,40.4574173
3507,185000.0,-3.7257269,40.3893403
3508,750000.0,-3.7114001,40.4394789
3509,695000.0,-3.6103878,40.4509696
3511,420000.0,-3.6763278,40.4419362
3512,465000.0,-3.6749546,40.4813107
3513,194000.0,-3.7189129,40.4824644
3514,360000.0,-3.70516,40.4278
3515,180000.0,-3.6968949,40.4127409
3516,770000.0,-3.7159182,40.4482817
3517,510000.0,-3.6451564,40.4455033
3519,925000.0,-3.634411,40.4458987
3523,340000.0,-3.6429485,40.463135
3525,1120000.0,-3.7257961,40.4724695
3527,185000.0,-3.7017251,40.4330064
3528,175000.0,-3.6680012,40.4489715
3529,559000.0,-3.7044446,40.450172
3530,159990.0,-3.6071246,40.406555
3531,1400000.0,-3.7079323,40.4219575
3533,1150000.0,-3.6444059,40.4394308
3535,159990.0,-3.6084542,40.4106176
3537,340000.0,-3.6654572,40.4308957
3538,349000.0,-3.7089855,40.4376368
3539,145000.0,-3.7486249,40.3841747
3540,1599000.0,-3.6840411,40.4612984
3542,749000.0,-3.6760697,40.408305
3546,445000.0,-3.6793148,40.5089923
3547,445000.0,-3.6744276,40.5127988
3551,485000.0,-3.7002534,40.4227754
3553,1150000.0,-3.696932,40.4244006
3554,432000.0,-3.7048418,40.4850265
3556,370000.0,-3.6275498,40.3978711
3557,730000.0,-3.7031182,40.4212889
3558,1164000.0,-3.7147946,40.424088
3560,115000.0,-3.7388966,40.3879019
3561,430000.0,-3.7005614,40.4514769
3562,445000.0,-3.6741242,40.5132345
3566,142000.0,-3.6803117,40.352764
3567,420000.0,-3.667907,40.4355817
3569,340000.0,-3.6517942,40.3859688
3571,425000.0,-3.6988223,40.4235685
3572,565000.0,-3.6761294,40.4432945
3574,155000.0,-3.7669081,40.3933238
3575,340000.0,-3.6507238,40.3825976
3579,170000.0,-3.6619417,40.3983847
3580,160000.0,-3.7136499,40.4120822
3582,279000.0,-3.7079349,40.4352659
3583,379000.0,-3.5956718,40.3611853
3585,145000.0,-3.7461579,40.4026328
3587,309000.0,-3.6767715,40.3387888
3592,160000.0,-3.6078692,40.4097104
3593,300000.0,-3.638198,40.4427675
3594,309000.0,-3.7124712,40.4548707
3595,950000.0,-3.6634435,40.4523789
3598,224000.0,-3.6691174,40.3970807
3599,340000.0,-3.6798588,40.4010254
3601,950000.0,-3.6634435,40.4523789
3603,139900.0,-3.7490092,40.3794029
3607,233000.0,-3.6728729,40.4354318
3608,139900.0,-3.7436197,40.3915398
3611,925000.0,-3.6369168,40.4438013
3615,175000.0,-3.6986401,40.4083917
3616,319990.0,-3.6769701,40.5055348
3617,150000.0,-3.644406,40.4322148
3618,194700.0,-3.6564202,40.4692699
3619,239000.0,-3.6112801,40.4342113
3620,135000.0,-3.6380073,40.4298677
3621,435000.0,-3.6821996,40.4064416
3623,185000.0,-3.702129,40.4620283
3624,309000.0,-3.6542246,40.4427268
3625,275000.0,-3.703092,40.4631584
3626,259000.0,-3.7017242,40.4248664
3629,279000.0,-3.6776086,40.4296063
3630,397000.0,-3.6398802,40.4678698
3631,136000.0,-3.673336,40.378349
3634,193000.0,-3.6394747,40.4275326
3635,415000.0,-3.6691841,40.425426
3636,369000.0,-3.6685629,40.3977688
3637,599000.0,-3.7174482,40.4886274
3638,730000.0,-3.7023115,40.4227893
3639,270000.0,-3.6442887,40.4575233
3640,289000.0,-3.7074081,40.4532261
3641,279900.0,-3.6315869,40.3823361
3642,189000.0,-3.7204057,40.3903021
3643,179000.0,-3.7336218,40.3979241
3647,295000.0,-3.7123313,40.4366252
3653,295000.0,-3.7123313,40.4366252
3656,895000.0,-3.670729,40.4144376
3657,395000.0,-3.7051989,40.4547521
3660,2895000.0,-3.6955084,40.4363928
3661,410000.0,-3.6166959,40.3825121
3662,330000.0,-3.7021882,40.4679201
3666,175000.0,-3.709836,40.4612704
3667,398000.0,-3.603335,40.3634865
3668,172660.0,-3.6500875,40.3931401
3671,1880000.0,-3.7100281,40.4207271
3674,830000.0,-3.6748756,40.4333272
3675,198000.0,-3.6969121,40.4385664
3688,628000.0,-3.6784349,40.5129943
3689,165000.0,-3.6409084,40.4379773
3692,144000.0,-3.6111802,40.4018632
3693,295000.0,-3.666975,40.4177572
3696,190000.0,-3.7372108,40.3898335
3697,3400000.0,-3.6877566,40.4201291
3698,219000.0,-3.6483776,40.4320344
3699,290000.0,-3.6411194,40.409615
3702,189000.0,-3.7199178,40.386983
3703,190000.0,-3.7372108,40.3898335
3704,3400000.0,-3.6877566,40.4201291
3705,219000.0,-3.6483776,40.4320344
3706,290000.0,-3.6411194,40.409615
3709,114000.0,-3.6672276,40.4002689
3714,150000.0,-3.7728072,40.3724887
3715,257000.0,-3.766494,40.3623012
3716,164900.0,-3.6415525,40.4383297
3718,145000.0,-3.6098487,40.4033174
3719,169000.0,-3.7074944,40.4670239
3722,215000.0,-3.7140629,40.4049021
3725,165000.0,-3.6404008,40.4751877
3726,349000.0,-3.6479557,40.4039288
3729,257000.0,-3.7167066,40.377387
3730,193900.0,-3.6707662,40.4365322
3736,149990.0,-3.6979254,40.4365786
3737,85000.0,-3.729749,40.3838023
3740,340000.0,-3.5890603,40.4536326
3744,310000.0,-3.6462228,40.4792005
3746,875000.0,-3.675153,40.4213297
3747,360000.0,-3.7041018,40.4545978
3749,386000.0,-3.6017045,40.4222718
3750,675000.0,-3.6875196,40.470665
3751,420000.0,-3.7037326,40.4427129
3752,309000.0,-3.6496157,40.4616343
3754,700000.0,-3.7029705,40.435785
3756,339000.0,-3.7009133,40.4540518
3758,340000.0,-3.67616,40.4431157
3759,169000.0,-3.6339983,40.4388213
3760,149500.0,-3.7058467,40.4513911
3761,170000.0,-3.6955035,40.3938096
3762,185000.0,-3.7022263,40.3966331
3770,675000.0,-3.6860759,40.469393
3774,180000.0,-3.7221755,40.3885822
3775,160000.0,-3.7228114,40.3904827
3779,750000.0,-3.6198863,40.433603
3784,165000.0,-3.6678617,40.3865491
3785,350000.0,-3.6298807,40.4088413
3788,330000.0,-3.7053017,40.4062893
3789,1350000.0,-3.7847962,40.4598353
3790,288000.0,-3.7042002,40.4160665
3792,940000.0,-3.6768747,40.4230175
3795,195000.0,-3.6230628,40.4222086
3799,340000.0,-3.7112103,40.3957407
3805,340000.0,-3.7112103,40.3957407
3807,140000.0,-3.6275577,40.380003
3809,145000.0,-3.6038124,40.4049788
3811,185000.0,-3.6682138,40.3931217
3812,329000.0,-3.6952585,40.4088187
3819,290000.0,-3.6675616,40.4284102
3822,189000.0,-3.6505257,40.3972684
3823,164000.0,-3.637576,40.3973351
3825,155000.0,-3.7362021,40.4088656
3826,379990.0,-3.7441819,40.4065838
3831,328500.0,-3.707682,40.4083629
3833,290000.0,-3.6675244,40.4175932
3834,154000.0,-3.6186723,40.3753512
3838,120000.0,-3.6714008,40.3917429
3843,257900.0,-3.7500802,40.3743002
3844,175000.0,-3.6212981,40.4366125
3845,289900.0,-3.7519802,40.3751002
3849,183000.0,-3.694133,40.4049485
3851,183000.0,-3.694133,40.4049485
3852,165000.0,-3.7036658,40.4476813
3857,850000.0,-3.6750325,40.4206123
3858,160000.0,-3.6515688,40.4249005
3859,599000.0,-3.7150341,40.4444542
3861,185000.0,-3.605278,40.4046464
3863,175000.0,-3.6995066,40.4076511
3864,175000.0,-3.768534,40.3802333
3871,239999.0,-3.6425779,40.4070381
3872,193000.0,-3.6060371,40.4072568
3874,250000.0,-3.6585902,40.4810036
3877,180000.0,-3.7003645,40.4068258
3879,150000.0,-3.710625,40.3860701
3882,115000.0,-3.7311763,40.3778036
3884,319000.0,-3.5902799,40.4444096
3887,125000.0,-3.6679608,40.4020539
3888,459000.0,-3.6653176,40.4136284
3891,155000.0,-3.6448012,40.3976841
3892,459000.0,-3.6624314,40.4120695
3893,730000.0,-3.6835875,40.4495705
3894,150000.0,-3.7353505,40.3964556
3895,145000.0,-3.6911462,40.354572
3896,185000.0,-3.7019345,40.469648
3897,368130.0,-3.6951411,40.4098234
3899,329000.0,-3.6716339,40.4792593
3900,172660.0,-3.6500237,40.3941562
3901,329000.0,-3.6716339,40.4792593
3904,150000.0,-3.6726755,40.3779684
3910,379900.0,-3.7019566,40.4486551
3913,185000.0,-3.6447863,40.4312094
3914,286000.0,-3.6559668,40.398205
3917,575000.0,-3.7075648,40.4486796
3919,145000.0,-3.7397857,40.390811
3921,195000.0,-3.6493913,40.4284999
3924,153000.0,-3.6974284,40.4108879
3926,579000.0,-3.7059216,40.4271209
3927,420000.0,-3.6651094,40.4249223
3928,119000.0,-3.7013533,40.4114664
3929,179000.0,-3.6584756,40.4061401
3930,115000.0,-3.707705,40.3492958
3936,338000.0,-3.5570737,40.4017534
3941,144000.0,-3.6527985,40.4247857
3943,219000.0,-3.6873427,40.3555751
3948,155000.0,-3.6517909,40.4241671
3953,175000.0,-3.6532255,40.4208489
3957,760000.0,-3.7020587,40.4241416
3959,698000.0,-3.692324,40.4052717
3960,339000.0,-3.6693891,40.4325023
3962,930000.0,-3.6535088,40.466038
3964,1175000.0,-3.7133811,40.4124895
3965,1890000.0,-3.6264041,40.4572455
3966,620000.0,-3.7412229,40.4735988
3967,1560000.0,-3.7029416,40.4911703
3969,650000.0,-3.7000124,40.4287978
3971,610000.0,-3.6575574,40.4932546
3972,225000.0,-3.7023823,40.4076211
3973,1170000.0,-3.7139987,40.4416813
3975,650000.0,-3.7032083,40.42655
3976,649900.0,-3.6693114,40.4153502
3977,369000.0,-3.6841585,40.4071153
3978,860000.0,-3.7138737,40.4407164
3979,730000.0,-3.7054828,40.4327259
3980,1890000.0,-3.6277357,40.4568011
3981,166900.0,-3.6482163,40.4301902
3982,450000.0,-3.7149513,40.4934305
3983,200000.0,-3.5762591,40.4434225
3984,1130000.0,-3.6232619,40.460118
3985,339000.0,-3.6697063,40.4340998
3986,840000.0,-3.6975832,40.4386302
3987,207000.0,-3.6578696,40.4265684
3988,289999.0,-3.7066714,40.4658516
3989,1890000.0,-3.6269041,40.4557455
3990,700000.0,-3.6926831,40.4600972
3991,579000.0,-3.6943021,40.3953064
3993,498000.0,-3.6401755,40.4264313
3994,490000.0,-3.6900209,40.4736756
3995,645000.0,-3.6834021,40.4074429
3996,809000.0,-3.8301292,40.4729235
3997,749000.0,-3.7175506,40.4353859
3998,234000.0,-3.5794196,40.4746166
4000,880000.0,-3.7031065,40.4482394
4001,450000.0,-3.6753176,40.4043657
4002,589000.0,-3.7027017,40.4540004
4003,815000.0,-3.6819753,40.4066733
4004,505000.0,-3.6670187,40.4669513
4005,490000.0,-3.6694301,40.500378
4006,420000.0,-3.663005,40.4523456
4008,315000.0,-3.5762516,40.4426949
4009,536000.0,-3.7040244,40.4419826
4010,179000.0,-3.746062,40.4063325
4011,185000.0,-3.7433052,40.4076451
4012,314000.0,-3.63228,40.4396577
4013,695000.0,-3.6820891,40.407955
4014,234000.0,-3.6941491,40.4115581
4015,975000.0,-3.6901456,40.4085873
4016,305000.0,-3.6560397,40.4375517
4017,359000.0,-3.706679,40.4553537
4018,118500.0,-3.7321528,40.398074
4019,430000.0,-3.6978156,40.4609097
4022,249000.0,-3.6517644,40.4702208
4023,176000.0,-3.7399177,40.4072217
4024,845000.0,-3.6525019,40.4958377
4026,1180000.0,-3.6580081,40.4574028
4027,190000.0,-3.7416733,40.3861743
4032,405000.0,-3.7280516,40.41366
4035,149900.0,-3.7393278,40.3887781
4036,320000.0,-3.7659986,40.3724438
4037,440000.0,-3.6928299,40.4016759
4038,559900.0,-3.7017896,40.4357198
4039,910000.0,-3.6968961,40.4522254
4040,194000.0,-3.7205049,40.4329662
4046,870000.0,-3.7231915,40.4311456
4052,179900.0,-3.609652,40.4401039
4053,529000.0,-3.6788904,40.4066561
4054,255000.0,-3.7309288,40.3904275
4056,319000.0,-3.6537198,40.4222043
4057,565000.0,-3.6820976,40.4028735
4060,209900.0,-3.6432089,40.428665
4061,265000.0,-3.6980857,40.4542383
4071,825000.0,-3.6975636,40.433872
4076,155000.0,-3.6989628,40.3803527
4079,490000.0,-3.6878903,40.4717242
4080,315000.0,-3.704763,40.4210975
4083,239000.0,-3.7033204,40.4292363
4084,550000.0,-3.6656458,40.4105361
4085,420000.0,-3.6691946,40.406276
4087,285000.0,-3.6582539,40.4387782
4088,249900.0,-3.672933,40.4764448
4090,650000.0,-3.7003951,40.42488
4095,415000.0,-3.6342035,40.4099906
4096,254000.0,-3.752963,40.3884749
4097,536000.0,-3.70343,40.441593
4098,259900.0,-3.7011842,40.3905398
4099,929000.0,-3.6802981,40.456584
4100,580000.0,-3.6699794,40.50381
4103,555000.0,-3.679735,40.4320791
4104,215000.0,-3.6716092,40.3841859
4105,269900.0,-3.7064416,40.4212981
4106,820000.0,-3.6706633,40.4258777
4107,289000.0,-3.6491149,40.4320684
4113,519000.0,-3.6654387,40.4341299
4114,250000.0,-3.6785885,40.4545477
4115,275000.0,-3.6937998,40.3665746
4118,559900.0,-3.7015657,40.438923
4119,230000.0,-3.7632301,40.3981169
4120,242000.0,-3.6593769,40.4791905
4122,195000.0,-3.7014713,40.4228254
4125,339000.0,-3.6616959,40.4489207
4126,239000.0,-3.7056358,40.4263449
4128,219500.0,-3.7087979,40.4591356
4129,239000.0,-3.7035305,40.4289703
4130,559000.0,-3.6834602,40.405793
4131,895000.0,-3.6804253,40.4373373
4138,163000.0,-3.744532,40.3847277
4139,274000.0,-3.6262848,40.4303871
4140,1890000.0,-3.6256618,40.4593631
4141,175000.0,-3.6684372,40.3764334
4144,249000.0,-3.7087163,40.408807
4147,176000.0,-3.7523278,40.376571
4148,239000.0,-3.7064146,40.4275345
4151,211000.0,-3.7575553,40.406503
4154,239000.0,-3.7029305,40.4261684
4155,234000.0,-3.6978571,40.4116319
4156,798000.0,-3.7265773,40.4146545
4159,900000.0,-3.6313162,40.4409474
4164,230000.0,-3.7610716,40.3985821
4172,195700.0,-3.7316199,40.3877334
4175,224900.0,-3.6571097,40.47138
4176,425000.0,-3.6323317,40.4608755
4179,234000.0,-3.6950296,40.4114733
4182,239000.0,-3.7051716,40.4282961
4183,182000.0,-3.6627533,40.4273574
4185,147000.0,-3.6991048,40.4680686
4187,490000.0,-3.6707176,40.4244863
4191,234000.0,-3.6941233,40.4103643
4195,279000.0,-3.7171769,40.397634
4196,280000.0,-3.5946685,40.3595676
4200,234000.0,-3.6970917,40.4118672
4201,156000.0,-3.6728289,40.3839843
4205,470000.0,-3.6990457,40.4770006
4211,649900.0,-3.6731986,40.4158121
4213,347000.0,-3.7221387,40.4666676
4215,924500.0,-3.6708334,40.4802434
4217,469000.0,-3.7318986,40.3912043
4219,195000.0,-3.7412445,40.3793099
4220,1450000.0,-3.7836438,40.470441
4222,142000.0,-3.7036129,40.3817103
4223,239000.0,-3.7030455,40.4294336
4224,182000.0,-3.7072082,40.4480569
4226,225000.0,-3.7168548,40.3715507
4230,205000.0,-3.7550504,40.3648362
4231,234000.0,-3.6951663,40.4083713
4236,132000.0,-3.6615042,40.3993253
4238,410000.0,-3.710025,40.4113534
4240,419000.0,-3.6667144,40.440595
4242,159000.0,-3.7041206,40.3848709
4243,165000.0,-3.6533224,40.4230987
4244,369700.0,-3.5887044,40.4547459
4245,123000.0,-3.652452,40.4092758
4246,169000.0,-3.6307449,40.3788567
4252,980000.0,-3.7257213,40.4881097
4261,165000.0,-3.700306,40.3336088
4263,136900.0,-3.6299946,40.403642
4264,127000.0,-3.6653906,40.3965963
4266,295000.0,-3.6454255,40.4302656
4272,166900.0,-3.6958178,40.3524462
4276,369000.0,-3.70862,40.47067
4277,119900.0,-3.6690205,40.3870995
4284,672000.0,-3.6585555,40.4942262
4285,275000.0,-3.6993921,40.4245882
4286,479000.0,-3.6831611,40.4562403
4287,1080000.0,-3.7000475,40.4180724
4288,173000.0,-3.7652586,40.3897103
4289,1450000.0,-3.7850438,40.471741
4290,179000.0,-3.7116173,40.461981
4292,450000.0,-3.6776445,40.4010803
4296,214900.0,-3.6566546,40.3800529
4297,890000.0,-3.7322469,40.4789243
4303,399000.0,-3.6702403,40.4595674
4306,167000.0,-3.7042364,40.4243455
4310,698000.0,-3.6928328,40.404159
4312,215000.0,-3.6227744,40.3733792
4314,399000.0,-3.6962687,40.4586865
4315,1230000.0,-3.6920498,40.4552255
4316,239000.0,-3.7054876,40.4289488
4318,870000.0,-3.7233785,40.4330646
4319,420000.0,-3.6742045,40.4277367
4320,630000.0,-3.6741585,40.4170286
4321,590000.0,-3.6389628,40.4424058
4322,245000.0,-3.7100956,40.4477747
4324,330000.0,-3.6673792,40.4277604
4328,515000.0,-3.7001029,40.4312779
4329,292000.0,-3.665981,40.4074992
4330,490000.0,-3.6897242,40.4223259
4331,369000.0,-3.7007909,40.4593694
4333,450000.0,-3.6749639,40.4785678
4334,978000.0,-3.6721537,40.4323166
4336,219000.0,-3.6104856,40.3653935
4337,127000.0,-3.721295,40.3850588
4341,225000.0,-3.625277,40.4238416
4342,439000.0,-3.7031439,40.4744847
4343,239000.0,-3.7057465,40.4264133
4345,185000.0,-3.7016713,40.4035025
4347,284500.0,-3.6220724,40.4398358
4349,118000.0,-3.6836392,40.3538741
4350,580000.0,-3.6966174,40.4449469
4351,1580000.0,-3.7070837,40.4300325
4352,127000.0,-3.7610322,40.3666644
4355,545000.0,-3.6661069,40.4137195
4356,123000.0,-3.699511,40.408721
4357,239000.0,-3.7042753,40.4262707
4358,1130000.0,-3.6800524,40.429329
4360,890000.0,-3.7399067,40.4762588
4361,980000.0,-3.7025209,40.4272676
4364,2550000.0,-3.6914565,40.437338
4365,565000.0,-3.6773457,40.4012226
4366,395000.0,-3.7020314,40.4303443
4367,265000.0,-3.6840203,40.3595932
4369,560000.0,-3.6785349,40.5113943
4374,147000.0,-3.7098986,40.4637734
4375,405000.0,-3.6999702,40.4864671
4378,199975.0,-3.6981479,40.4581184
4379,390000.0,-3.677081,40.5015614
4380,220000.0,-3.6679256,40.3957229
4381,239000.0,-3.704664,40.4281163
4382,127000.0,-3.6066191,40.4032828
4383,310000.0,-3.701292,40.446732
4385,132000.0,-3.7011588,40.4079065
4386,289999.0,-3.705975,40.4682806
4387,175000.0,-3.6979525,40.408224
4388,586900.0,-3.7803082,40.4477703
4389,159000.0,-3.6564158,40.4357256
4391,410000.0,-3.6759521,40.4465385
4392,265000.0,-3.6992649,40.4571125
4393,405000.0,-3.6985059,40.4843285
4394,417000.0,-3.6741942,40.4432521
4395,525000.0,-3.6945087,40.4026653
4396,199950.0,-3.7361594,40.3874659
4398,239000.0,-3.7049491,40.4266684
4399,85000.0,-3.7318663,40.4047811
4401,199950.0,-3.7361594,40.3874659
4402,239000.0,-3.7049491,40.4266684
4403,199000.0,-3.6520527,40.3925137
4407,220000.0,-3.6859463,40.4949142
4410,435000.0,-3.6846589,40.4206702
4412,479990.0,-3.7275157,40.4163914
4415,270000.0,-3.6955094,40.4666491
4417,274990.0,-3.7449779,40.3772499
4419,195000.0,-3.6054465,40.401884
4421,215000.0,-3.6412,40.4767479
4422,284500.0,-3.629302,40.4360283
4423,910000.0,-3.7009239,40.4224449
4424,119000.0,-3.7167186,40.3437232
4425,439000.0,-3.7103229,40.4220549
4426,1400000.0,-3.7219249,40.4287564
4427,219000.0,-3.7136242,40.4221958
4430,800000.0,-3.6629067,40.4403283
4433,586900.0,-3.7825633,40.4495843
4435,245000.0,-3.7085322,40.4608991
4436,239000.0,-3.703321,40.4286819
4439,169000.0,-3.6918613,40.4005743
4440,410000.0,-3.6745709,40.4201586
4442,359000.0,-3.6659821,40.479655
4444,395000.0,-3.6971209,40.4605985
4445,365000.0,-3.5570795,40.4040815
4446,425000.0,-3.670975,40.5019018
4447,239000.0,-3.7060231,40.4268363
4448,239000.0,-3.703098,40.4291112
4449,227650.0,-3.7043735,40.4599953
4450,480000.0,-3.6761288,40.5014772
4451,239000.0,-3.7033715,40.4297597
4452,126900.0,-3.6663261,40.3870932
4453,185000.0,-3.5791326,40.4749832
4454,122000.0,-3.6975788,40.3666085
4456,250000.0,-3.58664,40.3628938
4458,245000.0,-3.7117449,40.3958061
4459,1230000.0,-3.6908025,40.4535619
4460,417000.0,-3.6739137,40.4427554
4461,240000.0,-3.640304,40.3984096
4462,1230000.0,-3.6888499,40.4563633
4464,239000.0,-3.7035334,40.4273107
4467,259900.0,-3.6466705,40.4293889
4468,239000.0,-3.7063032,40.4270338
4470,282000.0,-3.73986,40.3721374
4471,915000.0,-3.7029526,40.4286837
4473,174950.0,-3.6615017,40.392465
4475,459900.0,-3.6700194,40.4319287
4478,172000.0,-3.6436134,40.3925386
4480,275000.0,-3.676855,40.5014384
4481,239000.0,-3.704664,40.4281163
4483,141990.0,-3.7344389,40.3869993
4484,172000.0,-3.7004231,40.4104302
4485,145000.0,-3.7819061,40.3944298
4486,234000.0,-3.712686,40.47521
4487,239000.0,-3.7036484,40.4265809
4488,450000.0,-3.6797817,40.4039978
4490,239000.0,-3.704664,40.4281163
4492,113000.0,-3.7449423,40.4020382
4493,215000.0,-3.7025924,40.464745
4494,800000.0,-3.6508406,40.4578819
4498,205000.0,-3.6466034,40.3816033
4499,760000.0,-3.6631635,40.4295063
4501,480000.0,-3.6752635,40.5036269
4502,760000.0,-3.6631635,40.4295063
4504,159000.0,-3.6335372,40.4281267
4505,126500.0,-3.7384958,40.3900933
4506,295000.0,-3.7092267,40.4562362
4511,382000.0,-3.5879515,40.4681373
4518,450000.0,-3.6758448,40.4032978
4519,239000.0,-3.706093,40.4271074
4521,219000.0,-3.6960149,40.4789342
4523,205000.0,-3.7443597,40.3824668
4524,179000.0,-3.7110665,40.4627485
4525,675000.0,-3.6873058,40.4712477
4530,185000.0,-3.7645141,40.3741656
4532,176000.0,-3.6613895,40.4736267
4540,182000.0,-3.6403696,40.4268118
4541,245000.0,-3.7124238,40.4752944
4544,161000.0,-3.642515,40.3951282
4545,127000.0,-3.6129034,40.4305675
4547,167000.0,-3.6066794,40.4397953
4550,165000.0,-3.6932226,40.3985689
4552,400000.0,-3.6970156,40.3970472
4553,429000.0,-3.7010992,40.4642789
4554,875000.0,-3.6343299,40.4840735
4555,679000.0,-3.7196716,40.4730864
4556,924500.0,-3.6702835,40.4780392
4558,560000.0,-3.7073971,40.4452867
4560,290000.0,-3.6706249,40.4432348
4562,239000.0,-3.7031283,40.4297246
4565,810000.0,-3.6983468,40.451358
4566,175000.0,-3.7103977,40.477194
4567,109000.0,-3.7290509,40.3836482
4569,220000.0,-3.6582783,40.4361754
4572,273600.0,-3.641278,40.464815
4578,239000.0,-3.7063533,40.426467
4581,239000.0,-3.7027483,40.4268981
4584,369000.0,-3.5507,40.40498
4587,410000.0,-3.6775262,40.4216977
4589,176000.0,-3.7515404,40.3741947
4590,155000.0,-3.6764517,40.4035775
4593,230000.0,-3.6402188,40.4255031
4596,685000.0,-3.6805241,40.4423701
4598,255000.0,-3.6851357,40.3681493
4599,229500.0,-3.7441712,40.4002989
4602,175000.0,-3.604568,40.4042178
4604,243000.0,-3.6412076,40.4734094
4605,265000.0,-3.7007421,40.4569465
4606,255000.0,-3.6851357,40.3681493
4607,229500.0,-3.7441712,40.4002989
4611,2550000.0,-3.6945832,40.4392127
4612,439000.0,-3.6788965,40.4236745
4615,383000.0,-3.7217163,40.4654885
4620,195000.0,-3.6573992,40.4286386
4621,239000.0,-3.7039776,40.4267553
4623,420000.0,-3.6705047,40.4628009
4626,120000.0,-3.671018,40.3831718
4628,450000.0,-3.699752,40.4228788
4630,239000.0,-3.7060047,40.4265576
4632,408980.0,-3.6633012,40.4410733
4633,176890.0,-3.5991067,40.4009252
4634,244000.0,-3.7747654,40.3752459
4635,127500.0,-3.6491413,40.384337
4638,244000.0,-3.773997,40.3735817
4639,170000.0,-3.5947683,40.3600631
4641,780000.0,-3.6994008,40.4133648
4642,175500.0,-3.7111309,40.4648037
4646,215000.0,-3.7042125,40.4595837
4649,1400000.0,-3.6926457,40.4553134
4650,215000.0,-3.7042125,40.4595837
4651,165000.0,-3.6546621,40.4225182
4653,469000.0,-3.7309678,40.3934025
4655,405000.0,-3.7193395,40.4261732
4656,292000.0,-3.5889328,40.4453677
4662,234999.0,-3.6440267,40.3923335
4663,145000.0,-3.706131,40.38946
4664,139000.0,-3.6691259,40.3837912
4665,244000.0,-3.7741766,40.3733876
4668,255000.0,-3.6536522,40.4732222
4670,97500.0,-3.6603386,40.3976063
4671,319000.0,-3.7032279,40.4629438
4678,829000.0,-3.7191774,40.4280812
4679,884170.0,-3.6813013,40.4591685
4681,234000.0,-3.7056461,40.4462775
4682,117000.0,-3.7161078,40.34745
4683,795000.0,-3.6782099,40.4247437
4688,152000.0,-3.7420829,40.3917646
4691,119000.0,-3.7468738,40.4024034
4699,125000.0,-3.6494131,40.4312905
4701,339000.0,-3.7020659,40.4225852
4706,616460.0,-3.6767009,40.404169
4707,116000.0,-3.7179572,40.3431129
4711,122000.0,-3.6524897,40.3830512
4714,2945000.0,-3.7108706,40.4197182
4716,146000.0,-3.7333566,40.4068035
4717,1280000.0,-3.7880136,40.4733564
4718,62900.0,-3.669809,40.3796733
4720,239000.0,-3.7053295,40.429129
4721,240000.0,-3.6652968,40.4362061
4722,470000.0,-3.6556704,40.4136669
4723,243000.0,-3.6434196,40.4730407
4724,179000.0,-3.7114871,40.4639199
4726,439000.0,-3.7148223,40.4109114
4728,123000.0,-3.6520432,40.4064433
4739,175000.0,-3.6661638,40.402437
4740,113000.0,-3.7464305,40.4017155
4742,122000.0,-3.6675687,40.383193
4747,239000.0,-3.7028424,40.4270824
4750,410000.0,-3.7820173,40.4571813
4764,95000.0,-3.7391238,40.3911884
4765,150000.0,-3.7540359,40.4057471
4766,125000.0,-3.6409923,40.3853831
4767,108000.0,-3.6545817,40.4197268
4768,360000.0,-3.7001497,40.4814665
4772,129900.0,-3.7151863,40.3816081
4773,215000.0,-3.6084965,40.3810248
4778,235000.0,-3.6786562,40.4188496
4779,560000.0,-3.6728225,40.4072269
4785,375000.0,-3.7078409,40.4512694
4786,689000.0,-3.7019476,40.4276711
4787,695000.0,-3.6939558,40.4323317
4788,689000.0,-3.69931,40.4288939
4790,244000.0,-3.7059012,40.4194882
4792,409900.0,-3.6944771,40.4145674
4793,340000.0,-3.6365741,40.439111
4796,469000.0,-3.7019332,40.3968732
4797,262000.0,-3.6635103,40.3902976
4798,519000.0,-3.6919766,40.4020643
4799,760000.0,-3.6743388,40.4287226
4800,168000.0,-3.7210194,40.4090939
4802,400000.0,-3.7071221,40.4541876
4804,435000.0,-3.6782791,40.4282117
4805,325000.0,-3.582756,40.4717376
4807,167000.0,-3.6395347,40.4253349
4808,890000.0,-3.7097877,40.4111411
4811,266000.0,-3.7651802,40.3965653
4814,725000.0,-3.6636662,40.5078096
4815,485000.0,-3.6727056,40.4465794
4817,360000.0,-3.7035418,40.4568251
4818,485000.0,-3.6188261,40.4354464
4822,294900.0,-3.7571433,40.3932254
4828,375000.0,-3.6787447,40.4210314
4830,177900.0,-3.6491633,40.4378473
4831,231800.0,-3.7573298,40.36979
4834,880000.0,-3.6974025,40.4228722
4835,720000.0,-3.6656402,40.4040389
4837,178000.0,-3.6994444,40.4103814
4840,415000.0,-3.6958644,40.4630492
4841,699000.0,-3.7224198,40.4721986
4842,365000.0,-3.6788909,40.4426143
4844,770000.0,-3.6739449,40.4123991
4845,242000.0,-3.5887811,40.4453087
4846,360000.0,-3.5553,40.39954
4848,92900.0,-3.6859186,40.3480667
4849,840000.0,-3.6977414,40.4545178
4850,143000.0,-3.7009538,40.4561582
4851,370000.0,-3.6566098,40.4894342
4854,345000.0,-3.6648092,40.478995
4855,375000.0,-3.6297453,40.4734967
4857,370000.0,-3.6722922,40.4449671
4860,395000.0,-3.6946666,40.3944663
4862,169000.0,-3.6478212,40.4385549
4865,209000.0,-3.606786,40.39992
4869,405000.0,-3.7193932,40.4287274
4870,139000.0,-3.6126775,40.4286128
4871,290760.0,-3.6426588,40.4315171
4872,215000.0,-3.6771175,40.4457707
4873,155000.0,-3.7181863,40.3431517
4874,167000.0,-3.6528398,40.3834501
4875,183000.0,-3.6496634,40.41121
4876,140000.0,-3.6720588,40.3911505
4877,270000.0,-3.6519573,40.4625964
4881,265000.0,-3.6999832,40.4219075
4885,135000.0,-3.6705879,40.391464
4891,486260.0,-3.6693947,40.4453351
4893,286000.0,-3.7030218,40.4477649
4895,488000.0,-3.6932622,40.3962413
4898,180800.0,-3.7393781,40.406027
4899,739000.0,-3.7195548,40.4311965
4900,180800.0,-3.7393781,40.406027
4901,450000.0,-3.6639456,40.4333231
4902,815000.0,-3.7256707,40.4760825
4903,282000.0,-3.6980865,40.4098979
4904,749000.0,-3.7007309,40.452474
4908,390000.0,-3.6984011,40.4297079
4909,675000.0,-3.6614893,40.439851
4910,429000.0,-3.7008827,40.4010256
4913,380000.0,-3.5847761,40.457327
4916,172000.0,-3.7661868,40.3691
4918,355000.0,-3.6765655,40.4173237
4920,275000.0,-3.7184507,40.3970477
4923,423900.0,-3.7044195,40.4694749
4925,240000.0,-3.7118971,40.3934827
4926,295000.0,-3.6690954,40.4239513
4928,157000.0,-3.7229521,40.3813243
4929,830000.0,-3.6887307,40.4148917
4930,152000.0,-3.6965838,40.3966103
4931,219000.0,-3.6216766,40.3726637
4932,335000.0,-3.7110042,40.4286231
4935,355000.0,-3.6671507,40.4252067
4939,729900.0,-3.6765585,40.4505009
4941,890000.0,-3.7095877,40.4143411
4942,729900.0,-3.6770415,40.4482829
4945,4400000.0,-3.6874458,40.4295646
4947,445000.0,-3.6772302,40.4590986
4949,175000.0,-3.7362931,40.3944093
4953,185000.0,-3.7050011,40.3428398
4954,890000.0,-3.7175611,40.4829578
4961,405000.0,-3.7182932,40.4281274
4964,665000.0,-3.6711305,40.4281125
4966,289000.0,-3.6753093,40.4231611
4967,330000.0,-3.7299527,40.3752022
4969,344000.0,-3.6920132,40.3920186
4970,760000.0,-3.6489772,40.4395377
4971,540000.0,-3.6650742,40.4116274
4973,219000.0,-3.6188435,40.3727078
4974,408000.0,-3.6490876,40.4845812
4977,445000.0,-3.6739325,40.458754
4978,840000.0,-3.6955876,40.4535141
4979,133000.0,-3.6194186,40.3826588
4980,159000.0,-3.676607,40.4268925
4982,285000.0,-3.6824167,40.3543919
4983,1629000.0,-3.6738876,40.4255267
4986,296620.0,-3.6442627,40.4309643
4987,450000.0,-3.6731805,40.4057659
4991,150000.0,-3.7034942,40.4673698
4992,346000.0,-3.7017353,40.4270131
4994,350000.0,-3.5983619,40.4041208
4997,1570000.0,-3.6286998,40.4565399
